BusNo,BusName,BaseVoltage
1,桂桂中52,525
2,桂柳州52,525
3,桂龙滩50,525
4,桂贵港50,525
5,桂贵港51,525
6,桂贵港G1,20
7,桂贵港G2,20
8,桂防城50,525
9,桂防城G1,22
10,桂防城G2,22
11,桂富川50,525
12,桂富川51,525
13,桂富川G1,27
14,桂富川G2,27
15,桂光坡50,525
16,桂光坡G1,24
17,桂光坡G2,24
18,桂桂林K1,525
19,桂桂林K2,525
20,桂玉林K1,525
21,桂玉林K2,525
22,桂贺州K1,525
23,桂贺州K2,525
24,桂平果K1,525
25,桂平果K2,525
26,桂河池K1,525
27,桂河池K2,525
28,桂岩滩50,525
29,桂岩滩G1,15.7
30,桂岩滩G2,15.7
31,桂岩滩G3,15.7
32,桂岩滩G4,15.7
33,桂岩滩G5,15.7
34,桂岩滩G6,15.7
35,桂合山50,525
36,桂合山G1,24
37,桂合山G2,24
38,桂合山G3,20
39,桂来A_50,525
40,桂来A_G3,20
41,桂来A_G4,20
42,LAIBA22,230
43,桂钦二50,525
44,桂钦二G3,27
45,桂钦二G4,27
46,桂神鹿22,230
47,桂神鹿G1,20
48,桂神鹿G2,20
49,桂来B_22,230
50,桂来B_21,230
51,桂来B_23,230
52,桂来B_24,230
53,桂来B_G1,24
54,桂来B_G2,24
55,桂六景22,230
56,桂六景21,230
57,桂六景G1,22
58,桂六景G2,22
59,桂北海21,230
60,桂北海22,230
61,桂北海23,230
62,桂北海G1,20
63,桂北海G2,20
64,桂永福22,230
65,桂永福21,230
66,桂永福G3,20
67,桂永福G4,20
68,桂钦州22,230
69,桂钦州21,230
70,桂钦一G1,22
71,桂钦一G2,22
72,桂防二21,230
73,桂防二22,230
74,桂防二G3,22
75,桂防二G4,22
76,桂信发22,230
77,桂信发21,230
78,桂仁义21,230
79,桂仁义22,230
80,桂仁义G1,20
81,桂仁义G2,20
82,桂大化22,230
83,桂大化21,230
84,桂大化D1,115
85,桂大化D3,115
86,桂大化11,115
87,桂大化G1,15.7
88,桂大化G2,15.7
89,桂大化G3,15.7
90,桂大化G4,15.7
91,桂大化G5,15.7
92,桂百龙22,230
93,桂百龙21,230
94,桂百龙11,115
95,桂百龙D3,115
96,桂百龙G1,10.5
97,桂百龙G2,10.5
98,桂百龙G3,10.5
99,桂百龙G4,10.5
100,桂百龙G5,10.5
101,桂乐滩22,230
102,桂乐滩21,230
103,桂乐滩G1,15.7
104,桂乐滩G2,15.7
105,桂乐滩G3,15.7
106,桂乐滩G4,15.7
107,桂平班21,230
108,桂平班G1,15.7
109,桂西津21,230
110,桂西津22,230
111,桂西津23,230
112,桂西津11,115
113,桂西津12,115
114,桂西津D1,115
115,桂西津D2,115
116,桂西津G1,13.8
117,桂西津G2,13.8
118,桂西津G3,13.8
119,桂西津G4,13.8
120,桂右江21,230
121,桂右江22,230
122,桂右江23,230
123,桂右江1D,115
124,桂右江1B,115
125,桂右江D2,115
126,桂右江D4,115
127,桂右江G1,13.8
128,桂右江G2,13.8
129,桂右江G3,13.8
130,桂右江G4,13.8
131,桂长洲21,230
132,桂长洲22,230
133,桂长洲23,230
134,桂长洲24,230
135,桂长洲11,115
136,桂长洲D4,115
137,桂长洲G1,13.8
138,桂长洲G2,13.8
139,桂长洲G3,13.8
140,桂长洲G4,13.8
141,桂长洲G5,13.8
142,桂长洲G6,13.8
143,桂长洲G7,13.8
144,桂长洲G8,13.8
145,桂长洲G9,13.8
146,桂长洲GA,13.8
147,桂长洲GB,13.8
148,桂长洲GC,13.8
149,桂桥巩21,230
150,桂桥巩22,230
151,桂桥巩G1,10.5
152,桂桥巩G2,10.5
153,桂桥巩G3,10.5
154,桂桥巩G4,10.5
155,桂桥巩G5,10.5
156,桂桥巩G6,10.5
157,桂桥巩G7,10.5
158,桂桥巩G8,10.5
159,桂桥巩G9,10.5
160,桂浔州22,230
161,桂浔州G6,15.7
162,桂浔州G7,15.7
163,桂浔州G8,15.7
164,桂古顶22,230
165,桂古顶G1,10.5
166,桂古顶G3,10.5
167,桂古顶G4,10.5
168,桂红花22,230
169,桂红花21,230
170,桂红花G1,10.5
171,桂红花G2,10.5
172,桂红花G3,10.5
173,桂红花G4,10.5
174,桂红花G5,10.5
175,桂红花G6,10.5
176,桂拉浪11,115
177,桂拉浪Y1,35
178,桂拉浪D1,115
179,桂拉浪23,6.3
180,桂拉浪G1,6.3
181,桂拉浪G2,6.3
182,桂拉浪G3,6.3
183,桂拉浪G4,10.5
184,桂洛东11,115
185,桂洛东Y1,35
186,桂洛东Y2,35
187,桂洛东D1,115
188,桂洛东D2,115
189,桂洛东G1,10.5
190,桂洛东G2,10.5
191,桂洛东G3,10.5
192,桂叶茂11,115
193,桂叶茂A1,10.5
194,桂叶茂D2,115
195,桂叶茂Y2,35
196,桂叶茂G2,10.5
197,桂叶茂G3,10.5
198,桂麻石11,115
199,桂麻石12,115
200,桂麻石D1,115
201,桂麻石Y1,35
202,桂麻石G1,10.5
203,桂仙衣A1,10.5
204,桂仙衣D1,35
205,桂仙衣11,115
206,桂仙衣12,115
207,桂仙衣Y1,35
208,桂仙衣G1,10.5
209,桂仙衣G2,10.5
210,桂坵坪G1,0.69
211,桂坵坪22,230
212,桂坵坪Y1,38.5
213,桂迅风G1,0.69
214,桂迅风G2,0.69
215,桂迅风G3,0.69
216,桂迅风22,230
217,桂迅风Y1,38.5
218,桂迅风Y2,38.5
219,桂迅风Y3,38.5
220,桂登云G1,0.69
221,桂登云G2,0.69
222,桂登云22,230
223,桂登云Y1,38.5
224,桂登云Y2,38.5
225,桂俊风G1,0.69
226,桂俊风22,230
227,桂俊风Y1,38.5
228,桂肯兰G1,0.69
229,桂肯兰22,230
230,桂肯兰Y1,38.5
231,桂交连G1,0.69
232,桂交连22,230
233,桂交连Y1,38.5
234,桂古田22,230
235,桂古田G1,0.69
236,桂马家G1,0.69
237,桂马家22,230
238,桂马家Y1,38.5
239,桂沃岭G1,0.69
240,桂沃岭22,230
241,桂沃岭Y1,38.5
242,桂骄阳G1,37
243,桂骄阳22,230
244,桂碗窑G1,0.69
245,桂碗窑35,38.5
246,桂碗窑22,230
247,桂马王G1,0.69
248,桂马王35,38.5
249,桂马王22,230
250,桂泽丰G1,0.69
251,桂泽丰35,38.5
252,桂泽丰11,115
253,桂苏仅G1,0.69
254,桂苏仅35,38.5
255,桂苏仅11,115
256,桂天武G1,0.69
257,桂天武35,38.5
258,桂天武11,115
259,桂水锦G1,0.69
260,桂水锦35,38.5
261,桂水锦11,115
262,桂麒麟G1,0.69
263,桂麒麟35,38.5
264,桂麒麟11,115
265,桂霞义G1,0.69
266,桂霞义35,38.5
267,桂霞义11,115
268,桂暖阳G1,0.4
269,桂暖阳35,38.5
270,桂暖阳11,115
271,桂黄兴G1,0.69
272,桂黄兴35,38.5
273,桂黄兴11,115
274,桂英利G1,0.4
275,桂英利35,38.5
276,桂英利11,115
277,桂玉峰G1,0.4
278,桂玉峰35,38.5
279,桂玉峰11,115
280,桂明阳G1,0.4
281,桂明阳35,38.5
282,桂明阳11,115
283,桂梓坪G1,0.69
284,桂梓坪22,230
285,桂梓坪Y1,38.5
286,桂九元G1,0.69
287,桂九元35,38.5
288,桂九元11,115
289,桂布央G1,0.69
290,桂布央35,38.5
291,桂布央11,115
292,桂东起G1,0.69
293,桂东起35,38.5
294,桂东起11,115
295,桂黄花G1,0.69
296,桂黄花22,230
297,桂黄花Y1,38.5
298,桂六字G1,0.69
299,桂六字22,230
300,桂六字Y1,38.5
301,桂恭低G1,0.69
302,桂恭低35,38.5
303,桂恭低11,115
304,桂福家G1,0.69
305,桂福家35,38.5
306,桂福家11,115
307,桂月亮G1,0.69
308,桂月亮35,38.5
309,桂月亮11,115
310,桂洁源G1,0.69
311,桂洁源35,38.5
312,桂洁源11,115
313,桂蜜源G1,0.69
314,桂蜜源35,38.5
315,桂蜜源11,115
316,桂南山G1,0.69
317,桂南山35,38.5
318,桂南山11,115
319,桂金紫G1,0.69
320,桂金紫35,38.5
321,桂金紫11,115
322,桂兰田G1,0.69
323,桂兰田35,38.5
324,桂兰田11,115
325,桂百丈G1,0.69
326,桂百丈35,38.5
327,桂百丈11,115
328,桂宿邓G1,0.69
329,桂宿邓35,38.5
330,桂宿邓11,115
331,桂丰收G1,0.4
332,桂丰收35,38.5
333,桂丰收11,115
334,桂高帮G1,0.69
335,桂高帮35,38.5
336,桂高帮11,115
337,桂惠金G1,0.4
338,桂惠金35,38.5
339,桂惠金11,115
340,桂栏沙G1,0.4
341,桂栏沙35,38.5
342,桂栏沙11,115
343,桂民海G1,0.4
344,桂民海22,230
345,桂民海35,38.5
346,桂风门G1,0.69
347,桂风门35,38.5
348,桂风门22,230
349,桂大怀G1,0.69
350,桂大怀35,38.5
351,桂大怀11,115
352,桂宇阳G1,0.69
353,桂宇阳35,38.5
354,桂宇阳11,115
355,桂振国G1,0.4
356,桂振国35,38.5
357,桂振国11,115
358,桂横山G1,0.4
359,桂横山35,38.5
360,桂横山11,115
361,桂通威G1,0.4
362,桂通威35,38.5
363,桂通威11,115
364,桂云飞G1,0.69
365,桂云飞35,38.5
366,桂云飞22,230
367,桂凤屏G1,0.69
368,桂凤屏35,38.5
369,桂凤屏22,230
370,桂宏景G1,0.69
371,桂宏景35,38.5
372,桂宏景11,115
373,桂四方G1,0.69
374,桂四方35,38.5
375,桂四方11,115
376,桂祥甜G1,0.69
377,桂祥甜35,38.5
378,桂祥甜11,115
379,桂葵阳G1,0.69
380,桂葵阳35,38.5
381,桂葵阳11,115
382,桂杨村G1,0.69
383,桂杨村35,38.5
384,桂杨村11,115
385,桂隆润G1,0.69
386,桂隆润35,38.5
387,桂隆润11,115
388,桂六林G1,0.69
389,桂六林35,38.5
390,桂六林11,115
391,桂马子G1,0.69
392,桂马子35,38.5
393,桂马子11,115
394,桂天堂G1,0.69
395,桂天堂35,38.5
396,桂天堂11,115
397,桂大冲G1,0.69
398,桂大冲35,38.5
399,桂大冲11,115
400,桂大容G1,0.69
401,桂大容35,38.5
402,桂大容11,115
403,桂场安G1,0.4
404,桂场安35,38.5
405,桂场安22,230
406,桂曲樟G1,0.69
407,桂曲樟35,38.5
408,桂曲樟11,115
409,桂钓鱼G1,0.4
410,桂钓鱼35,38.5
411,桂钓鱼11,115
412,桂乌光G1,0.4
413,桂乌光35,38.5
414,桂乌光11,115
415,桂玉柴G1,0.4
416,桂玉柴35,38.5
417,桂玉柴22,230
418,桂白花G1,0.69
419,桂白花35,38.5
420,桂白花11,115
421,桂官城G1,0.69
422,桂官城35,38.5
423,桂官城11,115
424,桂镇龙G1,0.69
425,桂镇龙35,38.5
426,桂镇龙11,115
427,桂平天G1,0.69
428,桂平天35,38.5
429,桂平天11,115
430,桂木格G1,0.69
431,桂木格35,38.5
432,桂木格11,115
433,桂玉凤G1,0.69
434,桂玉凤35,38.5
435,桂玉凤11,115
436,桂浪平G1,0.69
437,桂浪平35,38.5
438,桂浪平11,115
439,桂逻沙G1,0.69
440,桂逻沙35,38.5
441,桂逻沙11,115
442,桂那吉G1,0.4
443,桂那吉35,38.5
444,桂那吉11,115
445,桂六堡G1,0.69
446,桂六堡35,38.5
447,桂六堡11,115
448,桂岭脚G1,0.69
449,桂岭脚35,38.5
450,桂岭脚11,115
451,桂蓝光G1,0.69
452,桂蓝光35,38.5
453,桂蓝光11,115
454,桂高栏G1,0.69
455,桂高栏35,38.5
456,桂高栏11,115
457,桂协汇G1,0.69
458,桂协汇35,38.5
459,桂协汇22,230
460,桂协汇G2,0.4
461,桂协汇G3,0.4
462,桂龟石G1,0.69
463,桂龟石35,38.5
464,桂龟石22,230
465,桂东岭G1,0.69
466,桂东岭35,38.5
467,桂东岭11,115
468,桂龙头G1,0.69
469,桂龙头35,38.5
470,桂龙头11,115
471,桂牛一G1,0.69
472,桂牛一35,38.5
473,桂牛一11,115
474,桂小湾G1,0.4
475,桂小湾35,38.5
476,桂小湾11,115
477,桂马王G2,0.69
478,桂晶创G1,0.4
479,桂晶创35,38.5
480,桂晶创11,115
481,桂坛勒G1,0.69
482,桂坛勒35,38.5
483,桂坛勒11,115
484,桂玉峰G2,0.4
485,桂振东G1,0.4
486,桂振东35,38.5
487,桂振东11,115
488,桂伊源G1,0.69
489,桂伊源22,230
490,桂伊源35,38.5
491,桂伊源G2,0.69
492,桂伊源G3,0.69
493,桂金峰G1,0.69
494,桂金峰22,230
495,桂金峰35,38.5
496,桂金峰G2,0.69
497,桂兰田G2,0.69
498,桂平鼓G1,0.69
499,桂平鼓35,38.5
500,桂平鼓11,115
501,桂灰场G1,0.4
502,桂灰场35,38.5
503,桂灰场11,115
504,桂灰场G2,0.4
505,桂大藤G1,0.4
506,桂大藤35,38.5
507,桂大藤11,115
508,桂岩光G1,0.4
509,桂岩光35,38.5
510,桂岩光50,525
511,桂北宋G1,0.4
512,桂北宋35,38.5
513,桂北宋11,115
514,桂滩营G1,0.69
515,桂滩营35,38.5
516,桂滩营21,230
517,桂金安G1,0.4
518,桂金安22,230
519,桂金安35,38.5
520,桂石井G1,0.69
521,桂石井22,230
522,桂石井35,38.5
523,桂龙门G1,0.69
524,桂龙门22,230
525,桂龙门35,38.5
526,桂定安G1,0.4
527,桂定安35,38.5
528,桂定安22,230
529,桂江城G1,0.4
530,桂江城35,38.5
531,桂江城11,115
532,桂逻西G1,0.69
533,桂逻西35,38.5
534,桂逻西11,115
535,桂田光G1,0.4
536,桂田光35,38.5
537,桂田光11,115
538,桂果化G1,0.4
539,桂果化35,38.5
540,桂果化11,115
541,桂六堡G2,0.69
542,桂大平G1,0.69
543,桂大平35,38.5
544,桂大平11,115
545,桂百色50,525
546,桂百色D1,525
547,桂百色D2,525
548,桂百色D3,525
549,桂百色22,230
550,桂百色21,230
551,桂百色Y1,35
552,桂百色Y2,35
553,桂百色Y3,35
554,桂崇左50,525
555,桂崇左22,230
556,桂崇左D1,230
557,桂崇左D2,230
558,桂崇左23,230
559,桂崇左Y1,36
560,桂崇左Y2,36
561,桂逢宜50,525
562,桂逢宜D1,525
563,桂逢宜D2,525
564,桂逢宜22,230
565,桂逢宜Y1,35
566,桂逢宜Y2,35
567,桂福成50,525
568,桂福成D2,525
569,桂福成D3,525
570,桂福成22,230
571,桂福成23,230
572,桂福成Y2,35
573,桂福成Y3,35
574,桂桂林52,525
575,桂桂林22,230
576,桂桂林D1,525
577,桂桂林D2,525
578,桂桂林Y1,35
579,桂桂林Y2,35
580,桂桂中51,525
581,桂桂中D2,525
582,桂桂中D3,525
583,桂桂中21,230
584,桂桂中22,230
585,桂桂中Y2,35
586,桂桂中Y3,35
587,桂海港50,525
588,桂海港D1,525
589,桂海港D2,525
590,桂海港D3,525
591,桂海港23,230
592,桂海港22,230
593,桂海港21,230
594,桂海港Y1,35
595,桂海港Y2,35
596,桂海港Y3,35
597,桂河池50,525
598,桂河池D1,525
599,桂河池D2,525
600,桂河池22,230
601,桂河池Y1,35
602,桂河池Y2,35
603,桂贺州50,525
604,桂贺州21,230
605,桂贺州22,230
606,桂贺州D1,230
607,桂贺州D2,230
608,桂贺州D3,230
609,桂贺州Y1,35
610,桂贺州Y2,35
611,桂贺州Y3,35
612,桂金陵50,525
613,桂金陵22,230
614,桂金陵D2,230
615,桂金陵D4,230
616,桂金陵Y2,35
617,桂金陵Y4,35
618,桂久隆50,525
619,桂久隆D1,525
620,桂久隆D2,525
621,桂久隆22,230
622,桂久隆Y1,35
623,桂久隆Y2,35
624,桂来宾50,525
625,桂来宾22,230
626,桂来宾D1,35
627,桂来宾Y1,35
628,桂柳东50,525
629,桂柳东22,230
630,桂柳东D1,230
631,桂柳东D2,230
632,桂柳东Y1,35
633,桂柳东Y2,35
634,桂柳州51,525
635,桂美林50,525
636,桂美林22,230
637,桂美林D1,230
638,桂美林Y1,35
639,桂南宁50,525
640,桂南宁D1,525
641,桂南宁D2,525
642,桂南宁D3,525
643,桂南宁21,230
644,桂南宁22,230
645,桂南宁Y1,35
646,桂南宁Y2,35
647,桂南宁Y3,35
648,桂平果50,525
649,桂平果22,230
650,桂平果D1,230
651,桂平果D2,230
652,桂平果Y1,35
653,桂平果Y2,35
654,桂如画50,525
655,桂如画21,230
656,桂如画22,230
657,桂如画23,230
658,桂如画D2,230
659,桂如画D3,230
660,桂如画Y2,35
661,桂如画Y3,35
662,桂沙塘50,525
663,桂沙塘22,230
664,桂沙塘D1,230
665,桂沙塘D2,230
666,桂沙塘D3,230
667,桂沙塘Y1,35
668,桂沙塘Y2,35
669,桂沙塘Y3,35
670,桂溯河50,525
671,桂溯河D1,525
672,桂溯河21,230
673,桂溯河22,230
674,桂溯河Y1,35
675,桂梧州50,525
676,桂梧州D1,525
677,桂梧州D2,525
678,桂梧州D3,525
679,桂梧州22,230
680,桂梧州Y1,35
681,桂梧州Y3,35
682,桂梧州Y2,35
683,桂武平50,525
684,桂武平22,230
685,桂武平21,230
686,桂武平D1,230
687,桂武平D3,230
688,桂武平Y1,36
689,桂武平Y3,36
690,桂邕州50,525
691,桂邕州D1,525
692,桂邕州22,230
693,桂邕州Y1,35
694,桂永安50,525
695,桂永安D1,525
696,桂永安D2,525
697,桂永安22,230
698,桂永安21,230
699,桂永安Y1,35
700,桂永安Y2,35
701,桂玉林50,525
702,桂玉林24,230
703,桂玉林23,230
704,桂玉林22,230
705,桂玉林21,230
706,桂玉林D1,230
707,桂玉林D2,230
708,桂玉林Y1,35
709,桂玉林Y2,35
710,桂安城22,230
711,桂安城21,230
712,桂安城11,115
713,桂安城D1,115
714,桂安城D3,115
715,桂安城Y1,35
716,桂安城Y3,35
717,桂碧竹22,230
718,桂碧竹11,115
719,桂碧竹D1,115
720,桂碧竹D2,115
721,桂碧竹A1,11
722,桂碧竹A2,11
723,桂淳州21,230
724,桂淳州22,230
725,桂淳州23,230
726,桂淳州11,115
727,桂淳州D1,115
728,桂淳州D2,115
729,桂淳州A1,10.5
730,桂淳州A2,10.5
731,桂定忠21,230
732,桂定忠22,230
733,桂定忠23,230
734,桂定忠11,115
735,桂定忠12,115
736,桂定忠D1,115
737,桂定忠D2,115
738,桂定忠Y1,35
739,桂定忠Y2,35
740,桂翰峰21,230
741,桂翰峰22,230
742,桂翰峰11,115
743,桂翰峰D2,115
744,桂翰峰D3,115
745,桂翰峰A2,10.5
746,桂翰峰A3,10.5
747,桂横县21,230
748,桂横县22,230
749,桂横县12,115
750,桂横县11,115
751,桂横县D1,115
752,桂横县D2,115
753,桂横县D3,115
754,桂横县Y1,35
755,桂横县Y2,35
756,桂横县Y3,35
757,桂科园22,230
758,桂科园21,230
759,桂科园11,115
760,桂科园D1,115
761,桂科园D2,115
762,桂科园A1,11
763,桂科园A2,11
764,桂琅东22,230
765,桂琅东21,230
766,桂琅东11,115
767,桂琅东D1,115
768,桂琅东D2,115
769,桂琅东D3,115
770,桂琅东A1,11
771,桂琅东A2,11
772,桂琅东A3,11
773,桂雷村21,230
774,桂雷村22,230
775,桂雷村11,115
776,桂雷村D1,115
777,桂雷村D2,115
778,桂雷村A1,11
779,桂雷村A2,11
780,桂良庆22,230
781,桂良庆21,230
782,桂良庆11,115
783,桂良庆D1,115
784,桂良庆D2,115
785,桂良庆A1,11
786,桂良庆A2,11
787,桂林村21,230
788,桂林村22,230
789,桂林村11,115
790,桂林村D1,115
791,桂林村D2,115
792,桂林村D3,115
793,桂林村A1,11
794,桂林村A2,11
795,桂林村A3,11
796,桂芦圩21,230
797,桂芦圩22,230
798,桂芦圩23,230
799,桂芦圩24,230
800,桂芦圩11,115
801,桂芦圩D1,115
802,桂芦圩D2,115
803,桂芦圩Y1,35
804,桂芦圩Y2,35
805,桂马山21,230
806,桂马山22,230
807,桂马山11,115
808,桂马山D1,115
809,桂马山D2,115
810,桂马山Y1,35
811,桂马山Y2,35
812,桂琴中21,230
813,桂琴中22,230
814,桂琴中11,115
815,桂琴中D1,115
816,桂琴中A1,10.5
817,桂青秀21,230
818,桂青秀22,230
819,桂青秀23,230
820,桂青秀11,115
821,桂青秀12,115
822,桂青秀13,115
823,桂青秀D1,115
824,桂青秀D2,115
825,桂青秀D3,115
826,桂青秀A1,10.5
827,桂青秀A2,10.5
828,桂青秀A3,10.5
829,桂沙田21,230
830,桂沙田22,230
831,桂沙田11,115
832,桂沙田D1,35
833,桂沙田D2,35
834,桂沙田D3,35
835,桂沙田A1,11
836,桂沙田A2,11
837,桂沙田A3,11
838,桂石西21,230
839,桂石西22,230
840,桂石西11,115
841,桂石西12,115
842,桂石西D1,115
843,桂石西D2,115
844,桂石西A1,10.5
845,桂石西A2,10.5
846,桂思恩21,230
847,桂思恩22,230
848,桂思恩11,115
849,桂思恩D1,115
850,桂思恩D2,115
851,桂思恩A1,11
852,桂思恩A2,11
853,桂亭洪22,230
854,桂亭洪11,115
855,桂亭洪D1,115
856,桂亭洪D2,115
857,桂亭洪A1,11
858,桂亭洪A2,11
859,桂屯亮21,230
860,桂屯亮22,230
861,桂屯亮11,115
862,桂屯亮D1,115
863,桂屯亮A1,10.5
864,桂五一21,230
865,桂五一22,230
866,桂五一11,115
867,桂五一D1,115
868,桂五一D2,115
869,桂五一Y1,35
870,桂五一Y2,35
871,桂智城21,230
872,桂智城11,115
873,桂智城D1,115
874,桂智城Y1,35
875,桂五牵21,230
876,桂五牵22,230
877,桂青牵21,230
878,桂青牵22,230
879,桂麦牵21,230
880,桂麦牵22,230
881,桂浪牵21,230
882,桂浪牵22,230
883,桂大牵22,230
884,桂丹牵21,230
885,桂丹牵22,230
886,桂南牵21,230
887,桂南牵22,230
888,桂德保21,230
889,桂德保22,230
890,桂德保11,115
891,桂德保D1,115
892,桂德保A1,10.5
893,桂恩隆21,230
894,桂恩隆22,230
895,桂恩隆23,230
896,桂恩隆11,115
897,桂恩隆D3,115
898,桂恩隆Y3,35
899,桂高旺21,230
900,桂高旺22,230
901,桂高旺11,115
902,桂高旺D1,115
903,桂高旺D2,115
904,桂高旺Y1,35
905,桂高旺Y2,35
906,桂老区21,230
907,桂老区22,230
908,桂老区11,115
909,桂老区D1,115
910,桂老区A1,10.5
911,桂亮湾21,230
912,桂亮湾22,230
913,桂亮湾23,230
914,桂亮湾11,115
915,桂亮湾12,115
916,桂亮湾D1,115
917,桂亮湾D2,115
918,桂亮湾Y1,35
919,桂亮湾Y2,35
920,桂马头21,230
921,桂马头22,230
922,桂马头11,115
923,桂马头D1,35
924,桂马头D2,35
925,桂马头A1,11
926,桂马头A2,11
927,桂茗雅21,230
928,桂茗雅22,230
929,桂茗雅11,115
930,桂茗雅D2,115
931,桂茗雅Y2,35
932,桂那雄22,230
933,桂那雄11,115
934,桂那雄D1,115
935,桂那雄D2,115
936,桂那雄Y1,35
937,桂那雄Y2,35
938,桂念荷21,230
939,桂念荷22,230
940,桂念荷11,115
941,桂念荷D1,115
942,桂念荷D2,115
943,桂念荷Y1,35
944,桂念荷Y2,35
945,桂平铝21,230
946,桂平铝22,230
947,桂平铝D1,35
948,桂平铝Y1,35
949,桂平铝E2,22
950,桂平铝A1,10.5
951,桂沙坡21,230
952,桂沙坡22,230
953,桂沙坡11,115
954,桂沙坡12,115
955,桂沙坡D1,115
956,桂沙坡D2,115
957,桂沙坡D3,115
958,桂沙坡A1,10.5
959,桂沙坡A2,10.5
960,桂沙坡A3,10.5
961,桂松月21,230
962,桂松月22,230
963,桂松月11,115
964,桂松月D1,35
965,桂松月Y1,35
966,桂祥周21,230
967,桂祥周22,230
968,桂祥周23,230
969,桂祥周11,115
970,桂祥周D1,35
971,桂祥周D2,35
972,桂祥周Y1,35
973,桂祥周Y2,35
974,桂云灵21,230
975,桂云灵22,230
976,桂云灵23,230
977,桂云灵11,115
978,桂云灵D1,115
979,桂云灵Y1,35
980,桂振林21,230
981,桂振林22,230
982,桂振林11,115
983,桂振林D2,35
984,桂振林Y2,35
985,桂壮坡21,230
986,桂壮坡22,230
987,桂壮坡23,230
988,桂壮坡11,115
989,桂壮坡D2,115
990,桂壮坡Y2,35
991,桂文福21,230
992,桂文福22,230
993,桂文福11,115
994,桂文福D1,115
995,桂文福D2,115
996,桂文福Y1,35
997,桂文福Y2,35
998,桂华银21,230
999,桂华银22,230
1000,桂银海22,230
1001,桂银海21,230
1002,桂电解21,230
1003,桂电解22,230
1004,桂氧化21,230
1005,桂氧化22,230
1006,桂锦盛21,230
1007,桂锦盛22,230
1008,桂锦盛23,230
1009,桂锦盛Y1,38.5
1010,桂田阳21,230
1011,桂田阳22,230
1012,桂板坚21,230
1013,桂鹅牵21,230
1014,桂鹅牵22,230
1015,桂坎牵21,230
1016,桂坎牵22,230
1017,桂班牵21,230
1018,桂班牵22,230
1019,桂滇牵21,230
1020,桂滇牵22,230
1021,SHANXIU1,115
1022,桂东平21,230
1023,桂东平22,230
1024,桂东平11,115
1025,桂东平D1,115
1026,桂东平D2,115
1027,桂东平Y1,35
1028,桂东平Y2,35
1029,桂富丰22,230
1030,桂富丰D1,35
1031,桂椒乡21,230
1032,桂椒乡22,230
1033,桂椒乡11,115
1034,桂椒乡D1,115
1035,桂椒乡Y1,35
1036,桂金马21,230
1037,桂金马22,230
1038,桂金马11,115
1039,桂金马D1,115
1040,桂金马D2,115
1041,桂金马A1,10.5
1042,桂金马A2,10.5
1043,桂聚龙21,230
1044,桂聚龙22,230
1045,桂聚龙11,115
1046,桂聚龙D1,115
1047,桂聚龙Y1,35
1048,桂渠黎21,230
1049,桂渠黎22,230
1050,桂渠黎11,115
1051,桂渠黎D1,115
1052,桂渠黎A1,10.5
1053,桂上龙21,230
1054,桂上龙22,230
1055,桂上龙23,230
1056,桂上龙11,115
1057,桂上龙D1,115
1058,桂上龙D2,115
1059,桂上龙Y1,35
1060,桂上龙Y2,35
1061,桂桃城21,230
1062,桂桃城22,230
1063,桂桃城23,230
1064,桂桃城11,115
1065,桂桃城D1,115
1066,桂桃城D2,115
1067,桂桃城Y1,35
1068,桂桃城Y2,35
1069,桂下雷21,230
1070,桂下雷22,230
1071,桂下雷11,115
1072,桂下雷D1,115
1073,桂下雷D2,115
1074,桂下雷A1,10.5
1075,桂下雷A2,10.5
1076,桂谊祥21,230
1077,桂谊祥22,230
1078,桂谊祥11,115
1079,桂谊祥D1,115
1080,桂谊祥D2,115
1081,桂谊祥A1,10.5
1082,桂谊祥A2,10.5
1083,桂源江21,230
1084,桂源江22,230
1085,桂源江11,115
1086,桂源江D1,115
1087,桂源江Y1,35
1088,桂润忠22,230
1089,桂润忠Y2,35
1090,桂润忠Y1,35
1091,桂铜业21,230
1092,桂铜业22,230
1093,桂铜业D1,10.5
1094,桂铜业D2,10.5
1095,桂傍浦21,230
1096,桂傍浦22,230
1097,桂傍浦11,115
1098,桂傍浦D1,115
1099,桂傍浦A1,11
1100,桂垌村21,230
1101,桂垌村22,230
1102,桂垌村11,115
1103,桂垌村D1,115
1104,桂垌村A1,11
1105,桂港口21,230
1106,桂港口22,230
1107,桂港口11,115
1108,桂港口D1,115
1109,桂港口D2,115
1110,桂港口A1,10.5
1111,桂港口A2,10.5
1112,桂高沙21,230
1113,桂高沙22,230
1114,桂高沙11,115
1115,桂高沙12,115
1116,桂高沙D1,115
1117,桂高沙D2,115
1118,桂高沙A1,10.5
1119,桂高沙A2,10.5
1120,桂歌标21,230
1121,桂歌标22,230
1122,桂歌标23,230
1123,桂歌标11,115
1124,桂歌标D1,115
1125,桂歌标Y1,35
1126,桂金桂22,230
1127,桂金桂11,115
1128,桂金桂D1,115
1129,桂金桂Y1,35
1130,桂榄坪21,230
1131,桂榄坪22,230
1132,桂榄坪11,115
1133,桂榄坪D1,115
1134,桂榄坪A1,10.5
1135,桂龙湾21,230
1136,桂龙湾22,230
1137,桂龙湾23,230
1138,桂龙湾11,115
1139,桂龙湾D1,35
1140,桂龙湾D2,35
1141,桂龙湾A1,11
1142,桂龙湾A2,11
1143,桂排岭21,230
1144,桂排岭22,230
1145,桂排岭11,115
1146,桂排岭D1,115
1147,桂排岭A1,10.5
1148,桂亚江21,230
1149,桂亚江22,230
1150,桂亚江11,115
1151,桂亚江D1,10.5
1152,桂亚江A1,10.5
1153,桂燕岭21,230
1154,桂燕岭22,230
1155,桂燕岭11,115
1156,桂燕岭D1,115
1157,桂燕岭D2,115
1158,桂燕岭A1,11
1159,桂燕岭A2,11
1160,桂炼化22,230
1161,桂炼化21,230
1162,桂炼化Y1,38.5
1163,桂恒盛22,230
1164,桂东方22,230
1165,桂能化22,230
1166,桂能化Y2,38.5
1167,桂钦牵21,230
1168,桂钦牵22,230
1169,桂茅牵21,230
1170,桂茅牵22,230
1171,桂黄桥21,230
1172,桂黄桥22,230
1173,桂黄桥11,115
1174,桂黄桥D1,115
1175,桂黄桥D2,115
1176,桂黄桥A1,11
1177,桂黄桥A2,11
1178,桂金川21,230
1179,桂金川22,230
1180,桂金川23,230
1181,桂金川11,115
1182,桂金川D1,11
1183,桂金川D2,11
1184,桂金川A1,11
1185,桂金川A2,11
1186,桂盛隆21,230
1187,桂盛隆22,230
1188,桂盛隆11,115
1189,桂盛隆D1,115
1190,桂盛隆D2,115
1191,桂盛隆A1,10.5
1192,桂盛隆A2,10.5
1193,桂蜀源22,230
1194,桂蜀源11,115
1195,桂蜀源D1,35
1196,桂蜀源A1,11
1197,桂潭松21,230
1198,桂潭松22,230
1199,桂潭松11,115
1200,桂潭松D1,11
1201,桂潭松D2,11
1202,桂潭松A1,11
1203,桂潭松A2,11
1204,桂新兴21,230
1205,桂新兴22,230
1206,桂新兴11,115
1207,桂新兴12,115
1208,桂新兴D1,35
1209,桂新兴D2,35
1210,桂新兴D3,35
1211,桂新兴A1,11
1212,桂新兴A2,11
1213,桂新兴A3,11
1214,桂中路21,230
1215,桂中路22,230
1216,桂中路11,115
1217,桂中路D1,35
1218,桂中路A1,11
1219,桂竹坪21,230
1220,桂竹坪22,230
1221,桂竹坪11,115
1222,桂竹坪D1,35
1223,桂竹坪A1,11
1224,桂光岭22,230
1225,桂光岭A2,11
1226,桂仙鹤22,230
1227,桂仙鹤21,230
1228,桂仙鹤11,115
1229,桂仙鹤D1,115
1230,桂仙鹤A1,11
1231,桂旭昇22,230
1232,桂赤钢21,230
1233,桂赤钢22,230
1234,桂冲口21,230
1235,桂冲口22,230
1236,桂冲口11,115
1237,桂冲口12,115
1238,桂冲口D1,115
1239,桂冲口D2,115
1240,桂冲口A1,11
1241,桂冲口A2,11
1242,桂墩海21,230
1243,桂墩海22,230
1244,桂墩海11,115
1245,桂墩海D1,115
1246,桂墩海D2,115
1247,桂墩海A1,10
1248,桂墩海A2,10
1249,桂还珠21,230
1250,桂还珠22,230
1251,桂还珠11,115
1252,桂还珠D1,115
1253,桂还珠D2,115
1254,桂还珠A1,10.5
1255,桂还珠A2,10.5
1256,桂镍业21,230
1257,桂镍业22,230
1258,桂镍业Y1,35
1259,桂镍业Y2,35
1260,桂镍业D1,35
1261,桂镍业D2,35
1262,桂镍业A1,10.5
1263,桂镍业A2,10.5
1264,桂平阳21,230
1265,桂平阳22,230
1266,桂平阳11,115
1267,桂平阳D1,115
1268,桂平阳D2,115
1269,桂平阳A1,11
1270,桂平阳A2,11
1271,桂铁山21,230
1272,桂铁山22,230
1273,桂铁山11,115
1274,桂铁山D1,115
1275,桂铁山D3,115
1276,桂铁山A1,10.5
1277,桂铁山A3,10.5
1278,桂盐田21,230
1279,桂盐田22,230
1280,桂盐田11,115
1281,桂盐田D1,115
1282,桂盐田A1,10.5
1283,桂紫荆21,230
1284,桂紫荆22,230
1285,桂紫荆11,115
1286,桂紫荆D1,115
1287,桂紫荆D2,115
1288,桂紫荆A1,10.5
1289,桂紫荆A2,10.5
1290,桂太阳22,230
1291,桂太阳11,115
1292,桂太阳D1,115
1293,桂太阳D2,115
1294,桂浆纸22,230
1295,桂浆纸Y1,35
1296,桂合牵21,230
1297,桂合牵22,230
1298,桂冠鹏21,230
1299,桂冠鹏22,230
1300,桂冠鹏11,115
1301,桂冠鹏D1,115
1302,桂冠鹏A1,10.5
1303,桂客家22,230
1304,桂客家11,115
1305,桂客家D1,115
1306,桂客家A1,11
1307,桂力园21,230
1308,桂力园22,230
1309,桂力园11,115
1310,桂力园D1,115
1311,桂力园D2,115
1312,桂力园D3,115
1313,桂力园A1,10.5
1314,桂力园A2,10.5
1315,桂力园A3,10.5
1316,桂陆川21,230
1317,桂陆川22,230
1318,桂陆川11,115
1319,桂陆川D1,115
1320,桂陆川D2,115
1321,桂陆川A1,11
1322,桂陆川A2,11
1323,桂平坡21,230
1324,桂平坡22,230
1325,桂平坡11,115
1326,桂平坡D1,115
1327,桂平坡D2,115
1328,桂平坡A1,10.5
1329,桂平坡A2,10.5
1330,桂塘步21,230
1331,桂塘步22,230
1332,桂塘步11,115
1333,桂塘步D1,115
1334,桂塘步D2,115
1335,桂塘步A1,11
1336,桂塘步A2,11
1337,桂同心21,230
1338,桂同心22,230
1339,桂同心11,115
1340,桂同心D2,115
1341,桂同心A2,10.5
1342,桂兴业21,230
1343,桂兴业22,230
1344,桂兴业23,230
1345,桂兴业11,115
1346,桂兴业12,115
1347,桂兴业D1,115
1348,桂兴业D2,115
1349,桂兴业Y1,35
1350,桂兴业Y2,35
1351,桂雄鹰21,230
1352,桂雄鹰22,230
1353,桂雄鹰11,115
1354,桂雄鹰A1,10.5
1355,桂雄鹰D1,115
1356,桂长望21,230
1357,桂长望22,230
1358,桂长望11,115
1359,桂长望D1,115
1360,桂长望D2,115
1361,桂长望A1,10.5
1362,桂长望A2,10.5
1363,桂长坡21,230
1364,桂长坡22,230
1365,桂长坡11,115
1366,桂长坡D1,35
1367,桂长坡Y1,35
1368,桂长坡D2,35
1369,桂长坡Y2,35
1370,桂博白21,230
1371,桂博白22,230
1372,桂博白11,115
1373,桂博白D1,115
1374,桂博白A1,11
1375,桂博白D2,115
1376,桂博白A2,11
1377,桂颐辰21,230
1378,桂颐辰22,230
1379,桂颐辰11,115
1380,桂颐辰A2,10.5
1381,桂颐辰A3,10.5
1382,桂颐辰A4,10.5
1383,桂颐辰D2,115
1384,桂颐辰D3,115
1385,桂颐辰D4,115
1386,桂鳌峰22,230
1387,桂鳌峰21,230
1388,桂鳌峰11,115
1389,桂鳌峰D1,115
1390,桂鳌峰Y1,35
1391,桂禤州21,230
1392,桂禤州22,230
1393,桂禤州11,115
1394,桂禤州D1,115
1395,桂禤州D2,115
1396,桂禤州Y1,35
1397,桂禤州Y2,35
1398,桂平浪21,230
1399,桂平浪22,230
1400,桂平浪11,115
1401,桂平浪D1,115
1402,桂平浪D2,115
1403,桂平浪A1,11
1404,桂平浪A2,11
1405,桂藤县21,230
1406,桂藤县22,230
1407,桂藤县23,230
1408,桂藤县11,115
1409,桂藤县D1,115
1410,桂藤县D2,115
1411,桂藤县A1,10.5
1412,桂藤县A2,10.5
1413,桂万秀21,230
1414,桂万秀22,230
1415,桂万秀11,115
1416,桂万秀D1,115
1417,桂万秀D2,115
1418,桂万秀A1,10.5
1419,桂万秀A2,10.5
1420,桂苍梧21,230
1421,桂苍梧22,230
1422,桂苍梧11,115
1423,桂苍梧D1,115
1424,桂苍梧D2,115
1425,桂苍梧A1,10.5
1426,桂苍梧A2,10.5
1427,桂翡翠21,230
1428,桂翡翠22,230
1429,桂翡翠11,115
1430,桂翡翠D1,115
1431,桂翡翠D2,115
1432,桂翡翠A1,10.5
1433,桂翡翠A2,10.5
1434,桂探花21,230
1435,桂探花22,230
1436,桂探花11,115
1437,桂探花D1,115
1438,桂探花D2,115
1439,桂探花D3,115
1440,桂探花A1,10.5
1441,桂探花A2,10.5
1442,桂探花A3,10.5
1443,桂允升21,230
1444,桂允升22,230
1445,桂允升11,115
1446,YUNSH-Z,35
1447,YUNSH-Z2,35
1448,YUNSH3,11
1449,YUNSH3B,11
1450,桂东鹏21,230
1451,桂东鹏Y1,35
1452,桂广信21,230
1453,桂广信22,230
1454,桂广信11,115
1455,桂广信D1,115
1456,桂广信A1,10.5
1457,桂孟岺21,230
1458,桂孟岺22,230
1459,桂孟岺11,115
1460,桂孟岺D1,115
1461,桂孟岺A1,10.5
1462,桂能达22,230
1463,桂能达Y1,35
1464,桂能达D1,35
1465,桂能达D2,35
1466,桂能达A1,10.5
1467,桂能达A2,10.5
1468,桂藤牵21,230
1469,桂藤牵22,230
1470,桂道石21,230
1471,桂道石22,230
1472,桂道石11,115
1473,桂道石12,115
1474,桂道石D1,115
1475,桂道石D2,115
1476,桂道石A1,11
1477,桂道石A2,11
1478,桂信都21,230
1479,桂信都22,230
1480,桂信都11,115
1481,桂信都D1,115
1482,桂信都D2,115
1483,桂信都D3,115
1484,桂信都Y1,35
1485,桂信都Y2,35
1486,桂信都Y3,35
1487,桂新元21,230
1488,桂新元22,230
1489,桂新元23,230
1490,桂新元11,115
1491,桂新元D1,115
1492,桂新元D2,115
1493,桂新元A1,10.5
1494,桂江口21,230
1495,桂江口22,230
1496,桂江口11,115
1497,桂江口D1,115
1498,桂江口D2,115
1499,桂江口Y1,35
1500,桂江口Y2,35
1501,桂汇丰21,230
1502,桂汇丰22,230
1503,桂汇丰11,115
1504,桂汇丰12,115
1505,桂汇丰D1,115
1506,桂汇丰D2,115
1507,桂汇丰D3,115
1508,桂汇丰Y1,35
1509,桂汇丰Y2,35
1510,桂汇丰Y3,35
1511,桂楚越21,230
1512,桂楚越22,230
1513,桂楚越11,115
1514,桂楚越D1,115
1515,桂楚越A1,10.5
1516,桂闽航21,230
1517,桂闽航22,230
1518,桂闽航Y1,35
1519,桂闽航Y2,35
1520,桂闽航Y3,35
1521,桂益鑫21,230
1522,桂益鑫Y1,35
1523,桂益鑫Y2,35
1524,桂益鑫Y3,35
1525,桂顺景21,230
1526,桂顺景22,230
1527,桂富川22,230
1528,桂世钢21,230
1529,桂世钢Y1,35
1530,桂世钢Y2,35
1531,桂两牵21,230
1532,桂两牵22,230
1533,桂黄牵21,230
1534,桂黄牵22,230
1535,石门11,115
1536,百寿11,115
1537,桂挡村21,230
1538,桂挡村22,230
1539,桂挡村11,115
1540,桂挡村12,115
1541,桂挡村D1,115
1542,桂挡村D2,115
1543,桂挡村D3,115
1544,桂挡村A1,11
1545,桂挡村A2,11
1546,桂挡村A3,11
1547,桂侯寨21,230
1548,桂侯寨22,230
1549,桂侯寨11,115
1550,桂侯寨D1,115
1551,桂侯寨D2,115
1552,桂侯寨D3,115
1553,桂侯寨A1,11
1554,桂侯寨A2,11
1555,桂侯寨A3,11
1556,桂田岭21,230
1557,桂田岭22,230
1558,桂田岭23,230
1559,桂田岭11,115
1560,桂田岭12,115
1561,桂田岭D1,35
1562,桂田岭D2,35
1563,桂田岭A1,11
1564,桂田岭A2,11
1565,桂大丰21,230
1566,桂大丰22,230
1567,桂大丰11,115
1568,桂大丰D1,115
1569,桂大丰D2,115
1570,桂大丰A1,11
1571,桂大丰A2,11
1572,桂渡江21,230
1573,桂渡江22,230
1574,桂渡江11,115
1575,桂渡江D1,115
1576,桂渡江A1,10.5
1577,桂南塘21,230
1578,桂南塘22,230
1579,桂南塘11,115
1580,桂南塘D1,115
1581,桂南塘D2,115
1582,桂南塘A1,10.5
1583,桂南塘A2,10.5
1584,桂和平22,230
1585,桂和平11,115
1586,桂和平D1,115
1587,HEPIN3,38.5
1588,桂湘山21,230
1589,桂湘山22,230
1590,桂湘山11,115
1591,桂湘山D1,115
1592,桂湘山D2,115
1593,桂湘山Y1,35
1594,桂湘山Y2,35
1595,桂苏桥21,230
1596,桂苏桥22,230
1597,桂苏桥11,115
1598,桂苏桥D1,115
1599,桂苏桥D2,115
1600,桂苏桥A1,10.5
1601,桂苏桥A2,10.5
1602,桂骆驼21,230
1603,桂骆驼22,230
1604,桂骆驼11,115
1605,桂骆驼D2,115
1606,桂骆驼A2,10.5
1607,桂木棉21,230
1608,桂木棉22,230
1609,桂木棉11,115
1610,桂木棉D1,115
1611,桂木棉D2,115
1612,桂木棉Y1,35
1613,桂木棉Y2,35
1614,桂茶江21,230
1615,桂茶江22,230
1616,桂茶江11,115
1617,桂茶江D1,115
1618,桂茶江D2,115
1619,桂茶江Y1,35
1620,桂茶江Y2,35
1621,桂飞虎21,230
1622,桂飞虎22,230
1623,桂飞虎11,115
1624,桂飞虎D1,115
1625,桂飞虎A1,10.5
1626,桂瑶乡21,230
1627,桂瑶乡22,230
1628,桂瑶乡11,115
1629,桂瑶乡D1,115
1630,桂瑶乡Y1,35
1631,桂凯歌21,230
1632,桂凯歌22,230
1633,桂凯歌11,115
1634,桂凯歌Y1,35
1635,桂凯歌D1,115
1636,桂宝象22,230
1637,桂宝象21,230
1638,桂宝象11,115
1639,桂宝象D3,115
1640,桂宝象A3,10.5
1641,桂朝阳22,230
1642,桂朝阳11,115
1643,桂朝阳D1,115
1644,桂朝阳A1,10.5
1645,桂昆仑22,230
1646,桂昆仑11,115
1647,桂昆仑D1,115
1648,桂昆仑A1,11
1649,桂平钢22,230
1650,桂平钢A1,11
1651,桂平钢Y2,35
1652,桂恭牵21,230
1653,桂恭牵22,230
1654,桂潮牵21,230
1655,桂潮牵22,230
1656,桂赤牵21,230
1657,桂赤牵22,230
1658,桂上牵21,230
1659,桂上牵22,230
1660,桂康密22,230
1661,桂盘龙21,230
1662,桂盘龙22,230
1663,桂盘龙23,230
1664,桂盘龙Y1,35
1665,桂盘龙Y2,35
1666,桂盘龙Y3,35
1667,桂朱雀22,230
1668,桂朱雀11,115
1669,桂朱雀D1,115
1670,桂朱雀A1,10.5
1671,桂柳北21,230
1672,桂柳北22,230
1673,桂柳北11,115
1674,桂柳北D1,35
1675,桂柳北D2,35
1676,桂柳北A1,11
1677,桂柳北A2,11
1678,桂野岭21,230
1679,桂野岭22,230
1680,桂野岭11,115
1681,桂野岭D1,115
1682,桂野岭D2,115
1683,桂野岭Y1,35
1684,桂野岭Y2,35
1685,桂月山21,230
1686,桂月山22,230
1687,桂月山11,115
1688,桂月山D1,35
1689,桂月山D2,35
1690,桂月山A1,11
1691,桂月山A2,11
1692,桂七彩21,230
1693,桂七彩22,230
1694,桂七彩11,115
1695,桂七彩D1,115
1696,桂七彩A1,11
1697,桂果山21,230
1698,桂果山22,230
1699,桂果山11,115
1700,桂果山D1,35
1701,桂果山A1,11
1702,桂杨柳21,230
1703,桂杨柳22,230
1704,桂杨柳11,115
1705,桂杨柳12,115
1706,桂杨柳D1,115
1707,桂杨柳D2,115
1708,桂杨柳A1,11
1709,桂杨柳A2,11
1710,桂静兰21,230
1711,桂静兰22,230
1712,桂静兰11,115
1713,桂静兰D1,35
1714,桂静兰D2,35
1715,桂静兰A1,11
1716,桂静兰A2,11
1717,桂莲塘21,230
1718,桂莲塘22,230
1719,桂莲塘11,115
1720,桂莲塘D1,115
1721,桂莲塘D2,115
1722,桂莲塘A1,11
1723,桂莲塘A2,11
1724,桂融安21,230
1725,桂融安22,230
1726,桂融安11,115
1727,桂融安D1,115
1728,桂融安A1,10.5
1729,桂城关21,230
1730,桂城关22,230
1731,桂城关11,115
1732,桂城关D1,115
1733,桂城关D2,115
1734,桂城关A1,10.5
1735,桂双仁21,230
1736,桂双仁22,230
1737,桂双仁11,115
1738,桂双仁D1,115
1739,桂双仁A1,10.5
1740,桂官塘21,230
1741,桂官塘22,230
1742,桂官塘11,115
1743,桂官塘D1,115
1744,桂官塘D2,115
1745,桂官塘A1,10.5
1746,桂官塘A2,10.5
1747,桂茅洲21,230
1748,桂茅洲22,230
1749,桂茅洲11,115
1750,桂茅洲D1,115
1751,桂茅洲D2,115
1752,桂茅洲A1,10.5
1753,桂茅洲A2,10.5
1754,桂里明21,230
1755,桂里明22,230
1756,桂里明11,115
1757,桂里明D1,115
1758,桂里明A1,10.5
1759,桂三江21,230
1760,桂三江22,230
1761,桂三江23,230
1762,桂三江11,115
1763,桂三江D1,115
1764,桂三江A1,10.5
1765,桂野扩21,230
1766,桂野扩22,230
1767,桂野扩11,115
1768,桂野扩D2,115
1769,桂野扩D3,115
1770,桂野扩A2,10.5
1771,桂野扩A3,10.5
1772,桂氯碱21,230
1773,桂氯碱22,230
1774,桂氯碱11,10.5
1775,桂氯碱Y1,35
1776,桂氯碱D1,35
1777,桂三牵21,230
1778,桂三牵22,230
1779,桂进牵21,230
1780,桂进牵22,230
1781,桂盘钢21,230
1782,桂盘钢22,230
1783,LIUNI11,115
1784,LFT11,115
1785,桂贝江21,230
1786,桂贝江22,230
1787,桂贝江11,115
1788,桂贝江D1,115
1789,桂贝江A1,11
1790,桂太华21,230
1791,桂太华22,230
1792,桂太华11,115
1793,桂太华12,115
1794,桂太华D1,35
1795,桂太华D2,35
1796,桂太华A1,11
1797,桂太华A2,11
1798,桂方竹21,230
1799,桂方竹22,230
1800,桂方竹11,115
1801,桂方竹D1,115
1802,桂方竹A1,10.5
1803,桂社步21,230
1804,桂社步22,230
1805,桂社步23,230
1806,桂社步11,115
1807,桂社步D1,115
1808,桂社步D2,115
1809,桂社步Y1,37.5
1810,桂社步Y2,37.5
1811,桂大安21,230
1812,桂大安22,230
1813,桂大安11,115
1814,桂大安D1,115
1815,桂大安D2,115
1816,桂大安Y1,37.5
1817,桂大安Y2,37.5
1818,桂芙蓉21,230
1819,桂芙蓉22,230
1820,桂芙蓉11,115
1821,桂芙蓉D1,115
1822,桂芙蓉D2,115
1823,桂芙蓉A1,11
1824,桂芙蓉A2,11
1825,桂谢村21,230
1826,桂谢村22,230
1827,桂谢村11,115
1828,桂谢村D1,115
1829,桂谢村D2,115
1830,桂谢村Y1,37.5
1831,桂谢村Y2,37.5
1832,桂瑞雪21,230
1833,桂瑞雪22,230
1834,桂瑞雪11,115
1835,桂瑞雪D1,115
1836,桂瑞雪D2,115
1837,桂瑞雪A1,11
1838,桂瑞雪A2,11
1839,桂启航21,230
1840,桂启航22,230
1841,桂启航11,115
1842,桂启航12,115
1843,桂启航D1,115
1844,桂启航D2,115
1845,桂启航A1,10.5
1846,桂启航A2,10.5
1847,桂国茂21,230
1848,桂国茂22,230
1849,桂国茂11,115
1850,桂国茂D1,115
1851,桂国茂D2,115
1852,桂国茂Y1,35
1853,桂国茂Y2,35
1854,桂开元21,230
1855,桂开元22,230
1856,桂开元11,115
1857,桂开元D1,115
1858,桂开元Y1,35
1859,桂运通21,230
1860,桂运通22,230
1861,桂运通11,115
1862,桂运通D1,115
1863,桂运通A1,10.5
1864,桂荷钢21,230
1865,桂荷钢22,230
1866,桂荷钢11,115
1867,桂荷钢D1,115
1868,桂荷钢D2,115
1869,桂荷钢Y2,35
1870,桂荷钢A1,10.5
1871,桂荷钢A2,10.5
1872,桂居牵21,230
1873,桂居牵22,230
1874,桂武牵21,230
1875,桂武牵22,230
1876,桂桂牵21,230
1877,桂桂牵22,230
1878,桂贵牵21,230
1879,桂贵牵22,230
1880,桂芦牵21,230
1881,桂芦牵22,230
1882,桂新磨21,230
1883,桂新磨22,230
1884,桂新磨11,115
1885,桂新磨D1,115
1886,桂新磨D2,115
1887,桂新磨A1,10.5
1888,桂新磨A2,10.5
1889,桂莆田21,230
1890,桂莆田22,230
1891,桂莆田11,115
1892,桂莆田D1,115
1893,桂莆田D2,115
1894,桂莆田Y1,35
1895,桂莆田Y2,35
1896,桂欧村21,230
1897,桂欧村22,230
1898,桂欧村23,230
1899,桂欧村11,115
1900,桂欧村D1,115
1901,桂欧村Y1,35
1902,桂贡模21,230
1903,桂贡模22,230
1904,桂贡模11,115
1905,桂贡模D1,115
1906,桂贡模D2,115
1907,桂贡模Y1,35
1908,桂贡模Y2,35
1909,桂甘陈21,230
1910,桂甘陈22,230
1911,桂甘陈11,115
1912,桂甘陈D1,115
1913,桂甘陈Y1,35
1914,桂佳城21,230
1915,桂佳城22,230
1916,桂佳城11,115
1917,桂佳城D1,115
1918,桂佳城D2,115
1919,桂佳城Y1,35
1920,桂佳城Y2,35
1921,桂蓬莱21,230
1922,桂蓬莱11,115
1923,桂蓬莱D1,115
1924,桂蓬莱Y1,35
1925,桂虎山22,230
1926,桂虎山11,115
1927,桂虎山D1,115
1928,桂虎山Y1,35
1929,桂桂能21,230
1930,桂桂能22,230
1931,桂桂能23,230
1932,桂八一21,230
1933,桂八一22,230
1934,桂迁铝21,230
1935,桂迁铝22,230
1936,桂迁二22,230
1937,桂迁二23,230
1938,桂黎牵21,230
1939,桂黎牵22,230
1940,桂来牵21,230
1941,桂来牵22,230
1942,桂六圩21,230
1943,桂六圩22,230
1944,桂六圩11,115
1945,桂六圩D1,35
1946,桂六圩D2,35
1947,桂六圩A1,11
1948,桂六圩A2,11
1949,桂永丰21,230
1950,桂永丰22,230
1951,桂永丰11,115
1952,桂永丰D1,115
1953,桂永丰D2,115
1954,桂永丰A1,10.5
1955,桂兴平21,230
1956,桂兴平22,230
1957,桂兴平11,115
1958,桂兴平D1,10
1959,桂兴平D2,10
1960,桂兴平A1,10
1961,桂兴平A2,10
1962,桂庆远21,230
1963,桂庆远22,230
1964,桂庆远11,115
1965,桂庆远D1,35
1966,桂庆远A1,10.5
1967,桂丹阳21,230
1968,桂丹阳22,230
1969,桂丹阳11,115
1970,桂丹阳D1,115
1971,桂丹阳Y1,35
1972,桂车河21,230
1973,桂车河22,230
1974,桂车河11,115
1975,桂车河12,115
1976,桂车河D1,35
1977,桂车河D2,35
1978,桂车河A1,11
1979,桂车河A2,11
1980,桂水南21,230
1981,桂水南22,230
1982,桂水南11,115
1983,桂水南D1,115
1984,桂水南Y1,35
1985,桂站外21,230
1986,桂南冶22,230
1987,桂南冶11,115
1988,桂南冶D1,115
1989,桂南冶D2,115
1990,桂南冶A1,10.5
1991,桂南冶A2,10.5
1992,桂多吉22,230
1993,桂多吉11,115
1994,桂多吉D1,115
1995,桂多吉A1,11
1996,桂响泉22,230
1997,桂响泉11,115
1998,桂响泉D1,115
1999,桂响泉Y1,35
2000,桂蓝湖22,230
2001,桂蓝湖21,230
2002,桂蓝湖11,115
2003,桂蓝湖D1,115
2004,桂蓝湖A1,11
2005,桂曹渡22,230
2006,DESHE11,115
2007,MALT11,115
2008,LALAN11,115
2009,JIXINT,115
2010,JIXIN1A,115
2011,JIXIN1B,115
2012,JIXINZ1,115
2013,JIXIN,35
2014,JIXIN,10.5
2015,桂向阳21,230
2016,桂向阳22,230
2017,桂向阳11,115
2018,桂向阳D1,115
2019,桂向阳Y1,37.5
2020,桂陈双22,230
2021,桂陈双11,115
2022,桂陈双D1,115
2023,桂陈双Y1,35
2024,桂利华22,230
2025,桂利华11,115
2026,桂利华D1,115
2027,桂利华D2,115
2028,桂利华A1,11
2029,桂利华A2,11
2030,桂句町22,230
2031,桂句町11,115
2032,桂句町D1,115
2033,桂句町Y1,35
2034,桂雪莲22,230
2035,桂雪莲21,230
2036,桂雪莲11,115
2037,桂雪莲D1,115
2038,桂雪莲Y1,35
2039,桂茶花22,230
2040,桂茶花11,115
2041,桂茶花D1,115
2042,桂茶花A1,11
2043,桂奇容22,230
2044,桂奇容11,115
2045,桂奇容D1,115
2046,桂奇容Y1,36
2047,桂丹阳D2,115
2048,桂丹阳Y2,35
2049,桂傍浦D2,115
2050,桂傍浦A2,11
2051,桂镍业Y3,35
2052,桂镍业D3,35
2053,桂镍业A3,10.5
2054,桂翅冀21,230
2055,桂翅冀22,230
2056,桂科园D3,115
2057,桂科园A3,11
2058,桂平牵22,230
2059,桂渠牵21,230
2060,桂渠牵22,230
2061,桂崇牵21,230
2062,桂崇牵22,230
2063,桂江牵21,230
2064,桂江牵22,230
2065,桂华谊22,230
2066,桂金葡22,230
2067,桂金葡11,115
2068,桂金葡D1,115
2069,桂金葡Y1,38.5
2070,桂金秀21,230
2071,桂金秀22,230
2072,桂金秀11,115
2073,桂金秀D1,115
2074,桂金秀Y1,37.5
2075,桂钟山22,230
2076,桂钟山11,115
2077,桂钟山D1,115
2078,桂钟山Y1,37.5
2079,桂美林D2,230
2080,桂美林Y2,35
2081,桂远洋21,230
2082,桂远洋22,230
2083,桂远洋11,115
2084,桂远洋D1,115
2085,桂远洋D2,115
2086,桂远洋A1,10.5
2087,桂远洋A2,10.5
2088,桂飞虎D2,115
2089,桂飞虎A2,10.5
2090,桂花山21,230
2091,桂花山22,230
2092,桂花山11,115
2093,桂花山D1,115
2094,桂花山A1,10.5
2095,桂珠城50,525
2096,桂珠城G1,27
2097,桂珠城G2,27
2098,桂平牵21,230
2099,桂蓬莱D2,115
2100,桂蓬莱A2,10.5
2101,桂孙东21,230
2102,桂孙东22,230
2103,桂孙东11,115
2104,桂孙东D1,115
2105,桂孙东D2,115
2106,桂孙东A1,11
2107,桂孙东A2,11
2108,桂墩海D3,115
2109,桂墩海A3,10.5
2110,桂伶牵21,230
2111,桂伶牵22,230
2112,桂横牵21,230
2113,桂横牵22,230
2114,桂兴牵21,230
2115,桂兴牵22,230
2116,桂玉牵21,230
2117,桂玉牵22,230
2118,桂凤凰50,525
2119,桂凤凰22,230
2120,桂凤凰D1,525
2121,桂凤凰Y1,35
2122,桂德源21,230
2123,桂德源22,230
2124,桂天峨22,230
2125,桂天峨21,230
2126,桂天峨D1,115
2127,桂天峨A1,10.5
2128,桂天峨11,115
2129,桂凤山22,230
2130,桂凤山21,230
2131,桂凤山11,115
2132,桂凤山D1,115
2133,桂凤山A1,10.5
2134,桂光坡G3,24
2135,桂三江D2,115
2136,桂三江A2,10.5
2137,桂盐田D2,115
2138,桂盐田A2,10.5
2139,桂扶典22,230
2140,桂扶典11,115
2141,桂扶典D1,115
2142,桂扶典A1,10.5
2143,桂满塘21,230
2144,桂满塘22,230
2145,桂满塘11,115
2146,桂满塘D1,115
2147,桂满塘A1,11
2148,桂楚越D2,115
2149,桂楚越A2,10.5
2150,桂环牵21,230
2151,桂环牵22,230
2152,桂凉牵21,230
2153,桂凉牵22,230
2154,桂都牵21,230
2155,桂都牵22,230
2156,桂琴中D2,115
2157,桂琴中A2,10.5
2158,桂长望A3,10.5
2159,桂长望D3,115
2160,桂同心D3,115
2161,桂同心A3,10.5
2162,桂龙港22,230
2163,桂龙港11,115
2164,桂龙港D1,115
2165,桂龙港A1,11
2166,桂龙港12,115
2167,桂龙港D2,115
2168,桂龙港A2,11
2169,桂谷孝22,230
2170,桂谷孝11,115
2171,桂谷孝D1,115
2172,桂谷孝A1,10.5
2173,桂新江50,525
2174,桂新江22,230
2175,桂新江23,230
2176,桂新江D1,525
2177,桂新江Y1,35
2178,桂新江D2,525
2179,桂新江Y2,35
2180,桂骆驼D1,115
2181,桂骆驼A1,10.5
2182,桂浔州G1,15.7
2183,桂浔州G2,15.7
2184,桂浔州G3,15.7
2185,桂敏牵21,230
2186,桂敏牵22,230
2187,桂雷牵21,230
2188,桂雷牵22,230
2189,桂鹏越21,230
2190,桂鹏越D1,10.5
2191,桂金陵D3,230
2192,桂金陵Y3,35
2193,桂福成D1,525
2194,桂福成Y1,35
2195,桂垌村D2,115
2196,桂垌村A2,11
2197,桂广信D2,115
2198,桂广信Y2,10.5
2199,桂响泉D2,115
2200,桂响泉Y2,35
2201,桂镍二21,230
2202,桂镍二22,230
2203,桂镍二11,35
2204,桂镍二12,35
2205,桂镍二D1,35
2206,桂镍二D2,35
2207,桂镍二A1,10.5
2208,桂镍二A2,10.5
2209,桂铁山D2,115
2210,桂铁山A2,10.5
2211,桂聚龙D2,115
2212,桂聚龙Y2,35
2213,桂源江D2,115
2214,桂源江Y2,35
2215,桂云灵D2,115
2216,桂云灵Y2,35
2217,桂木棉D3,115
2218,桂木棉Y3,35
2219,桂东岸22,230
2220,桂东岸11,115
2221,桂东岸D1,115
2222,桂东岸A1,11
2223,桂创新22,230
2224,桂创新11,115
2225,桂创新D1,115
2226,桂创新A1,11
2227,桂创新D2,115
2228,桂创新A2,11
2229,桂钦三21,230
2230,桂钦三22,230
2231,桂钦三G5,22
2232,桂白鹭50,525
2233,桂白鹭22,230
2234,桂白鹭D1,525
2235,桂白鹭Y1,35
2236,桂罗文21,230
2237,桂罗文22,230
2238,桂罗文11,115
2239,桂罗文D1,115
2240,桂罗文D2,115
2241,桂罗文A1,11
2242,桂罗文A2,11
2243,桂恒祥22,230
2244,桂恒祥11,115
2245,桂恒祥D1,115
2246,桂恒祥Y1,38.5
2247,桂龙牵21,230
2248,桂龙牵22,230
2249,桂凭牵21,230
2250,桂凭牵22,230
2251,桂碧竹D3,115
2252,桂碧竹A3,11
2253,桂定忠D3,115
2254,桂定忠Y3,35
2255,桂浔州G4,15.7
2256,桂浔州G5,15.7
2257,桂炼二22,230
2258,桂炼二21,230
2259,桂恒逸22,230
2260,桂武林22,230
2261,桂武林11,115
2262,桂武林D1,115
2263,桂武林A1,11
2264,桂凯歌D2,115
2265,桂凯歌Y2,35
2266,桂客家D2,115
2267,桂客家A2,11
2268,桂光坡G4,24
2269,桂锂电11,115
2270,桂锂电12,115
2271,桂北海G3,20
2272,桂北海G4,20
2273,桂建陶22,230
2274,桂建陶11,115
2275,桂建陶D1,115
2276,桂建陶A1,11
2277,桂建陶12,115
2278,桂建陶D2,115
2279,桂建陶A2,11
2280,桂港区21,230
2281,桂港区22,230
2282,桂覃东21,230
2283,桂覃东22,230
2284,桂覃东11,115
2285,桂覃东D1,115
2286,桂覃东A1,10.5
2287,桂安马22,230
2288,桂安马11,115
2289,桂安马D1,115
2290,桂安马A1,11
2291,桂伊岭21,230
2292,桂伊岭22,230
2293,桂伊岭11,115
2294,桂伊岭D1,115
2295,桂伊岭A1,10.5
2296,桂竹坪D2,35
2297,桂竹坪A2,11
2298,桂茶花D2,115
2299,桂茶花A2,11
2300,桂珊瑚22,230
2301,桂珊瑚11,115
2302,桂珊瑚D1,115
2303,桂珊瑚A1,11
2304,桂庆远D2,35
2305,桂庆远A2,10.5
2306,桂欧村D2,115
2307,桂欧村Y2,35
2308,桂里明D2,115
2309,桂里明A2,10.5
2310,桂武陵21,230
2311,桂武陵22,230
2312,桂武陵11,115
2313,桂武陵D1,115
2314,桂武陵A1,10.5
2315,桂永宁21,230
2316,桂永宁22,230
2317,桂永宁11,115
2318,桂永宁D1,115
2319,桂永宁D2,115
2320,桂永宁A1,10.5
2321,桂永宁A2,10.5
2322,桂漓江50,525
2323,桂漓江22,230
2324,桂漓江D2,525
2325,桂漓江D1,525
2326,桂漓江Y1,35
2327,桂漓江Y2,35
2328,桂宾光G1,0.4
2329,桂宾光22,230
2330,桂宾光35,38.5
2331,桂栾城G1,0.4
2332,桂栾城22,230
2333,桂栾城35,38.5
2334,桂暖阳G2,0.4
2335,桂晶创G2,0.4
2336,桂新福G1,0.69
2337,桂新福35,38.5
2338,桂新福11,115
2339,桂陈平G1,0.69
2340,桂陈平35,38.5
2341,桂陈平11,115
2342,桂坛勒G2,0.69
2343,桂洋桥G1,0.4
2344,桂洋桥11,115
2345,桂洋桥35,38.5
2346,桂那陈G1,0.4
2347,桂那陈11,115
2348,桂那陈35,38.5
2349,桂杆洞G1,0.69
2350,桂杆洞22,230
2351,桂杆洞35,38.5
2352,桂杆洞G2,0.69
2353,桂古砦G1,0.4
2354,桂古砦35,38.5
2355,桂古砦11,115
2356,桂白竹G1,0.69
2357,桂白竹22,230
2358,桂白竹35,38.5
2359,桂那刀G1,0.4
2360,桂那刀22,230
2361,桂那刀35,38.5
2362,桂象光G1,0.4
2363,桂象光22,230
2364,桂象光35,38.5
2365,桂侧岭G1,0.4
2366,桂侧岭11,115
2367,桂侧岭35,38.5
2368,桂蛮卷G1,0.4
2369,桂蛮卷11,115
2370,桂蛮卷35,38.5
2371,桂风门G2,0.69
2372,桂龙三G1,0.69
2373,桂龙三35,38.5
2374,桂龙三11,115
2375,桂龙源G1,0.69
2376,桂龙源35,38.5
2377,桂龙源11,115
2378,桂金源G1,0.69
2379,桂金源35,38.5
2380,桂金源11,115
2381,桂横山G2,0.4
2382,桂通威G2,0.4
2383,桂灵山G1,0.4
2384,桂灵山35,38.5
2385,桂灵山11,115
2386,桂兴风G1,0.69
2387,桂兴风22,230
2388,桂兴风35,38.5
2389,桂石湾G1,0.69
2390,桂石湾35,38.5
2391,桂石湾11,115
2392,桂乌家G1,0.69
2393,桂乌家35,38.5
2394,桂乌家11,115
2395,桂鲔丰G1,0.4
2396,桂鲔丰35,38.5
2397,桂鲔丰11,115
2398,桂潞城G1,0.69
2399,桂潞城G2,0.69
2400,桂潞城35,38.5
2401,桂潞城22,230
2402,桂定安G2,0.4
2403,桂逻沙G2,0.4
2404,桂江北G1,0.69
2405,桂江北35,38.5
2406,桂江北11,115
2407,桂羊加G1,0.69
2408,桂羊加35,38.5
2409,桂羊加11,115
2410,桂海城G1,0.69
2411,桂海城35,38.5
2412,桂海城11,115
2413,桂陆贝G1,0.69
2414,桂陆贝G2,0.4
2415,桂陆贝35,38.5
2416,桂陆贝22,230
2417,桂西江G1,0.4
2418,桂西江35,38.5
2419,桂西江11,115
2420,桂铜镬G1,0.69
2421,桂铜镬35,38.5
2422,桂铜镬11,115
2423,桂旺光G1,0.4
2424,桂旺光35,38.5
2425,桂旺光11,115
2426,桂板崇G1,0.4
2427,桂板崇35,38.5
2428,桂板崇22,230
2429,桂寨安G1,0.4
2430,桂寨安35,38.5
2431,桂寨安11,115
2432,桂牛二G1,0.69
2433,桂牛二35,38.5
2434,桂牛二11,115
2435,桂牛舍G1,0.4
2436,桂牛舍35,38.5
2437,桂牛舍11,115
2438,桂六光G1,0.4
2439,桂六光22,230
2440,桂六光35,38.5
2441,桂六风G2,0.69
2442,桂六风35,38.5
2443,桂茉光G1,0.4
2444,桂茉光22,230
2445,桂茉光35,38.5
2446,桂茉风G2,0.69
2447,桂茉风35,38.5
2448,桂三星G1,0.4
2449,桂三星22,230
2450,桂三星35,38.5
2451,桂三星G2,0.4
2452,桂三星G3,0.69
2453,桂三星G4,0.4
2454,桂百济G1,0.4
2455,桂百济22,230
2456,桂百济35,38.5
2457,桂百济G2,0.4
2458,桂太平G1,0.4
2459,桂太平22,230
2460,桂太平35,38.5
2461,桂百风G1,0.69
2462,桂百风35,38.5
2463,桂百风11,115
2464,桂凤风G1,0.69
2465,桂凤风35,38.5
2466,桂凤风11,115
2467,桂明阳G2,0.4
2468,桂伊源G4,0.69
2469,桂四荣G1,0.69
2470,桂四荣22,230
2471,桂四荣35,38.5
2472,桂四荣G2,0.69
2473,桂四荣G3,0.69
2474,桂四荣G4,0.69
2475,桂白云G1,0.69
2476,桂白云22,230
2477,桂白云35,38.5
2478,桂白云G2,0.69
2479,桂白云G3,0.4
2480,桂大岩G1,0.69
2481,桂大岩35,38.5
2482,桂大岩11,115
2483,桂独峒G1,0.69
2484,桂独峒35,38.5
2485,桂独峒11,115
2486,桂狮子G1,0.69
2487,桂狮子35,38.5
2488,桂狮子11,115
2489,桂黄冕G1,0.69
2490,桂黄冕35,38.5
2491,桂黄冕11,115
2492,桂八江G1,0.69
2493,桂八江35,38.5
2494,桂八江11,115
2495,桂金三G1,0.69
2496,桂金三22,230
2497,桂金三35,38.5
2498,桂阳火G1,0.69
2499,桂阳火22,230
2500,桂阳火35,38.5
2501,桂阳火G2,0.69
2502,桂阳火G3,0.69
2503,桂阳火G4,0.69
2504,桂殿堂G1,0.69
2505,桂殿堂35,38.5
2506,桂殿堂11,115
2507,桂严关G1,0.69
2508,桂严关35,38.5
2509,桂严关11,115
2510,桂青山G1,0.69
2511,桂青山35,38.5
2512,桂白石G1,0.69
2513,桂白石35,38.5
2514,桂白石11,115
2515,桂磨子G1,0.69
2516,桂磨子35,38.5
2517,桂象州G1,0.4
2518,桂象州22,230
2519,桂象州35,38.5
2520,桂百丈G2,0.69
2521,桂合群G1,0.69
2522,桂合群35,38.5
2523,桂合群11,115
2524,桂宿邓G2,0.69
2525,桂洛山G1,0.69
2526,桂洛山35,38.5
2527,桂洛山11,115
2528,桂沐恩G1,0.69
2529,桂沐恩35,38.5
2530,桂沐恩11,115
2531,桂石龙G1,0.4
2532,桂石龙22,230
2533,桂石龙35,38.5
2534,桂祥贝G1,0.4
2535,桂祥贝22,230
2536,桂祥贝35,38.5
2537,桂祥贝G2,0.4
2538,桂驯乐G1,0.4
2539,桂驯乐22,230
2540,桂驯乐35,38.5
2541,桂驯乐G2,0.4
2542,桂大光G1,0.4
2543,桂大光22,230
2544,桂大光35,38.5
2545,桂大光G2,0.4
2546,桂协合G1,0.69
2547,桂协合35,38.5
2548,桂协合11,115
2549,桂弄好G1,0.69
2550,桂弄好35,38.5
2551,桂弄好11,115
2552,桂天风G1,0.69
2553,桂天风35,38.5
2554,桂天风11,115
2555,桂不老G1,0.69
2556,桂不老35,38.5
2557,桂不老11,115
2558,桂那兵G1,0.69
2559,桂那兵35,38.5
2560,桂那兵11,115
2561,桂北宋G2,0.4
2562,桂四农G1,0.4
2563,桂四农35,38.5
2564,桂四农11,115
2565,桂宜州G1,0.4
2566,桂宜州35,38.5
2567,桂宜州11,115
2568,桂北牙G1,0.4
2569,桂北牙35,38.5
2570,桂北牙11,115
2571,桂拉才G1,0.4
2572,桂拉才35,38.5
2573,桂拉才11,115
2574,桂长江G1,0.4
2575,桂长江35,38.5
2576,桂长江11,115
2577,桂上思G1,0.4
2578,桂上思22,230
2579,桂上思35,38.5
2580,桂民海G2,0.4
2581,桂鑫奥G1,0.4
2582,桂鑫奥G2,0.4
2583,桂鑫奥22,230
2584,桂鑫奥35,38.5
2585,桂金安G2,0.4
2586,桂平陆G1,0.69
2587,桂平陆G2,0.4
2588,桂平陆22,230
2589,桂平陆35,38.5
2590,桂六炉G1,0.69
2591,桂六炉22,230
2592,桂六炉35,38.5
2593,桂官垌G1,0.69
2594,桂官垌22,230
2595,桂官垌35,38.5
2596,桂古道G1,0.69
2597,桂古道G2,0.69
2598,桂古道G3,0.69
2599,桂古道35,38.5
2600,桂古道11,115
2601,桂沙角G1,0.4
2602,桂沙角35,38.5
2603,桂沙角11,115
2604,桂中三G1,0.69
2605,桂中三35,38.5
2606,桂中三11,115
2607,桂五宁G1,0.69
2608,桂五宁35,38.5
2609,桂五宁11,115
2610,桂董永G1,0.69
2611,桂董永35,38.5
2612,桂董永11,115
2613,桂康岭G1,0.69
2614,桂康岭35,38.5
2615,桂康岭11,115
2616,桂岭门G1,0.69
2617,桂岭门35,38.5
2618,桂岭门11,115
2619,桂六硍G1,0.69
2620,桂六硍35,38.5
2621,桂六硍11,115
2622,桂吉隆G1,0.4
2623,桂吉隆35,38.5
2624,桂吉隆11,115
2625,桂陆光G1,0.4
2626,桂陆光22,230
2627,桂陆光35,38.5
2628,桂云飞G2,0.69
2629,桂凤屏G2,0.69
2630,桂宏景G2,0.69
2631,桂四方G2,0.69
2632,桂场安G2,0.4
2633,桂南康G1,0.69
2634,桂南康35,38.5
2635,桂南康11,115
2636,桂玉光G1,0.4
2637,桂玉光35,38.5
2638,桂玉光22,230
2639,桂桥圩G1,0.4
2640,桂桥圩35,38.5
2641,桂桥圩22,230
2642,桂高传G1,0.69
2643,桂高传35,38.5
2644,桂高传22,230
2645,桂高传G2,0.4
2646,桂大湾G1,0.4
2647,桂大湾35,38.5
2648,桂大湾22,230
2649,桂大湾G2,0.4
2650,桂大湾G3,0.4
2651,桂金沙G1,0.4
2652,桂金沙35,38.5
2653,桂金沙11,115
2654,桂思官G1,0.69
2655,桂思官35,38.5
2656,桂思官11,115
2657,桂木格G2,0.69
2658,桂东华G1,0.4
2659,桂东华35,38.5
2660,桂东华11,115
2661,桂庆丰G1,0.4
2662,桂庆丰35,38.5
2663,桂庆丰11,115
2664,桂东山G1,0.4
2665,桂东山35,38.5
2666,桂东山11,115
2667,桂莲山G1,0.69
2668,桂莲山35,38.5
2669,桂莲山22,230
2670,桂平光G1,0.4
2671,桂平光35,38.5
2672,桂平光22,230
2673,桂田能G1,0.69
2674,桂田能G2,0.4
2675,桂田能35,38.5
2676,桂田能22,230
2677,桂那帮G1,0.69
2678,桂那帮G2,0.69
2679,桂那帮35,38.5
2680,桂那帮22,230
2681,桂局平G1,0.4
2682,桂局平35,38.5
2683,桂局平11,115
2684,桂龙合G1,0.4
2685,桂龙合35,38.5
2686,桂龙合11,115
2687,桂和光G1,0.4
2688,桂和光G2,0.4
2689,桂和光35,38.5
2690,桂和光22,230
2691,桂天平G1,0.69
2692,桂天平G2,0.4
2693,桂天平35,38.5
2694,桂天平22,230
2695,桂六三G1,0.69
2696,桂六三35,38.5
2697,桂六三22,230
2698,桂岭脚G2,0.69
2699,桂同风G1,0.69
2700,桂同风35,38.5
2701,桂同风11,115
2702,桂三界G1,0.69
2703,桂三界35,38.5
2704,桂三界11,115
2705,桂新圩G1,0.4
2706,桂新圩35,38.5
2707,桂新圩11,115
2708,桂明梅G1,0.69
2709,桂明梅35,38.5
2710,桂明梅11,115
2711,桂石家G1,0.4
2712,桂牛背G1,0.4
2713,桂牛背35,38.5
2714,桂牛背11,115
2715,桂崇江G1,0.4
2716,桂崇江35,38.5
2717,桂崇江22,230
2718,桂中原G1,0.4
2719,桂中原35,38.5
2720,桂中原22,230
2721,桂昌平G1,0.4
2722,桂昌平35,38.5
2723,桂昌平22,230
2724,桂江南G1,0.4
2725,桂江南35,38.5
2726,桂江南22,230
2727,桂崇龙G1,0.69
2728,桂崇龙35,38.5
2729,桂崇龙11,115
2730,桂大青G1,0.69
2731,桂大青35,38.5
2732,桂大青11,115
2733,桂把荷G1,0.69
2734,桂把荷35,38.5
2735,桂把荷11,115
2736,桂响水G1,0.4
2737,桂响水35,38.5
2738,桂响水11,115
