BusNo,BusName
1,B1
2,B2
3,B3
4,B4
5,B5
6,B6
7,B7
8,B8
9,B9
10,B10
11,B11
12,B12
13,B13
14,B14
15,B15
16,B16
17,B17
18,B18
19,B19
20,B20
21,B21
22,B22
23,B23
24,B24
25,B25
26,B26
27,B27
28,B28
29,B29
30,B30
31,B31
32,B32
33,B33
34,B34
35,B35
36,B36
37,B37
38,B38
39,B39
40,B40
41,B41
42,B42
43,B43
44,B44
45,B45
46,B46
47,B47
48,B48
49,B49
50,B50
51,B51
52,B52
53,B53
54,B54
55,B55
56,B56
57,B57
58,B58
59,B59
60,B60
61,B61
62,B62
63,B63
64,B64
65,B65
66,B66
67,B67
68,B68
69,B69
70,B70
71,B71
72,B72
73,B73
74,B74
75,B75
76,B76
77,B77
78,B78
79,B79
80,B80
81,B81
82,B82
83,B83
84,B84
85,B85
86,B86
87,B87
88,B88
89,B89
90,B90
91,B91
92,B92
93,B93
94,B94
95,B95
96,B96
97,B97
98,B98
99,B99
100,B100
101,B101
102,B102
103,B103
104,B104
105,B105
106,B106
107,B107
108,B108
109,B109
110,B110
111,B111
112,B112
113,B113
114,B114
115,B115
116,B116
117,B117
118,B118
119,B119
120,B120
121,B121
122,B122
123,B123
124,B124
125,B125
126,B126
127,B127
128,B128
129,B129
130,B130
131,B131
132,B132
133,B133
134,B134
135,B135
136,B136
137,B137
138,B138
139,B139
140,B140
141,B141
142,B142
143,B143
144,B144
145,B145
146,B146
147,B147
148,B148
149,B149
150,B150
151,B151
152,B152
153,B153
154,B154
155,B155
156,B156
157,B157
158,B158
159,B159
160,B160
161,B161
162,B162
163,B163
164,B164
165,B165
166,B166
167,B167
168,B168
169,B169
170,B170
171,B171
172,B172
173,B173
174,B174
175,B175
176,B176
177,B177
178,B178
179,B179
180,B180
181,B181
182,B182
183,B183
184,B184
185,B185
186,B186
187,B187
188,B188
189,B189
190,B190
191,B191
192,B192
193,B193
194,B194
195,B195
196,B196
197,B197
198,B198
199,B199
200,B200
201,B201
202,B202
203,B203
204,B204
205,B205
206,B206
207,B207
208,B208
209,B209
210,B210
211,B211
212,B212
213,B213
214,B214
215,B215
216,B216
217,B217
218,B218
219,B219
220,B220
221,B221
222,B222
223,B223
224,B224
225,B225
226,B226
227,B227
228,B228
229,B229
230,B230
231,B231
232,B232
233,B233
234,B234
235,B235
236,B236
237,B237
238,B238
239,B239
240,B240
241,B241
242,B242
243,B243
244,B244
245,B245
246,B246
247,B247
248,B248
249,B249
250,B250
251,B251
252,B252
253,B253
254,B254
255,B255
256,B256
257,B257
258,B258
259,B259
260,B260
261,B261
262,B262
263,B263
264,B264
265,B265
266,B266
267,B267
268,B268
269,B269
270,B270
271,B271
272,B272
273,B273
274,B274
275,B275
276,B276
277,B277
278,B278
279,B279
280,B280
281,B281
282,B282
283,B283
284,B284
285,B285
286,B286
287,B287
288,B288
289,B289
290,B290
291,B291
292,B292
293,B293
294,B294
295,B295
296,B296
297,B297
298,B298
299,B299
300,B300
301,B301
302,B302
303,B303
304,B304
305,B305
306,B306
307,B307
308,B308
309,B309
310,B310
311,B311
312,B312
313,B313
314,B314
315,B315
316,B316
317,B317
318,B318
319,B319
320,B320
321,B321
322,B322
323,B323
324,B324
325,B325
326,B326
327,B327
328,B328
329,B329
330,B330
331,B331
332,B332
333,B333
334,B334
335,B335
336,B336
337,B337
338,B338
339,B339
340,B340
341,B341
342,B342
343,B343
344,B344
345,B345
346,B346
347,B347
348,B348
349,B349
350,B350
351,B351
352,B352
353,B353
354,B354
355,B355
356,B356
357,B357
358,B358
359,B359
360,B360
361,B361
362,B362
363,B363
364,B364
365,B365
366,B366
367,B367
368,B368
369,B369
370,B370
371,B371
372,B372
373,B373
374,B374
375,B375
376,B376
377,B377
378,B378
379,B379
380,B380
381,B381
382,B382
383,B383
384,B384
385,B385
386,B386
387,B387
388,B388
389,B389
390,B390
391,B391
392,B392
393,B393
394,B394
395,B395
396,B396
397,B397
398,B398
399,B399
400,B400
401,B401
402,B402
403,B403
404,B404
405,B405
406,B406
407,B407
408,B408
409,B409
410,B410
411,B411
412,B412
413,B413
414,B414
415,B415
416,B416
417,B417
418,B418
419,B419
420,B420
421,B421
422,B422
423,B423
424,B424
425,B425
426,B426
427,B427
428,B428
429,B429
430,B430
431,B431
432,B432
433,B433
434,B434
435,B435
436,B436
437,B437
438,B438
439,B439
440,B440
441,B441
442,B442
443,B443
444,B444
445,B445
446,B446
447,B447
448,B448
449,B449
450,B450
451,B451
452,B452
453,B453
454,B454
455,B455
456,B456
457,B457
458,B458
459,B459
460,B460
461,B461
462,B462
463,B463
464,B464
465,B465
466,B466
467,B467
468,B468
469,B469
470,B470
471,B471
472,B472
473,B473
474,B474
475,B475
476,B476
477,B477
478,B478
479,B479
480,B480
481,B481
482,B482
483,B483
484,B484
485,B485
486,B486
487,B487
488,B488
489,B489
490,B490
491,B491
492,B492
493,B493
494,B494
495,B495
496,B496
497,B497
498,B498
499,B499
500,B500
501,B501
502,B502
503,B503
504,B504
505,B505
506,B506
507,B507
508,B508
509,B509
510,B510
511,B511
512,B512
513,B513
514,B514
515,B515
516,B516
517,B517
518,B518
519,B519
520,B520
521,B521
522,B522
523,B523
524,B524
525,B525
526,B526
527,B527
528,B528
529,B529
530,B530
531,B531
532,B532
533,B533
534,B534
535,B535
536,B536
537,B537
538,B538
539,B539
540,B540
541,B541
542,B542
543,B543
544,B544
545,B545
546,B546
547,B547
548,B548
549,B549
550,B550
551,B551
552,B552
553,B553
554,B554
555,B555
556,B556
557,B557
558,B558
559,B559
560,B560
561,B561
562,B562
563,B563
564,B564
565,B565
566,B566
567,B567
568,B568
569,B569
570,B570
571,B571
572,B572
573,B573
574,B574
575,B575
576,B576
577,B577
578,B578
579,B579
580,B580
581,B581
582,B582
583,B583
584,B584
585,B585
586,B586
587,B587
588,B588
589,B589
590,B590
591,B591
592,B592
593,B593
594,B594
595,B595
596,B596
597,B597
598,B598
599,B599
600,B600
601,B601
602,B602
603,B603
604,B604
605,B605
606,B606
607,B607
608,B608
609,B609
610,B610
611,B611
612,B612
613,B613
614,B614
615,B615
616,B616
617,B617
618,B618
619,B619
620,B620
621,B621
622,B622
623,B623
624,B624
625,B625
626,B626
627,B627
628,B628
629,B629
630,B630
631,B631
632,B632
633,B633
634,B634
635,B635
636,B636
637,B637
638,B638
639,B639
640,B640
641,B641
642,B642
643,B643
644,B644
645,B645
646,B646
647,B647
648,B648
649,B649
650,B650
651,B651
652,B652
653,B653
654,B654
655,B655
656,B656
657,B657
658,B658
659,B659
660,B660
661,B661
662,B662
663,B663
664,B664
665,B665
666,B666
667,B667
668,B668
669,B669
670,B670
671,B671
672,B672
673,B673
674,B674
675,B675
676,B676
677,B677
678,B678
679,B679
680,B680
681,B681
682,B682
683,B683
684,B684
685,B685
686,B686
687,B687
688,B688
689,B689
690,B690
691,B691
692,B692
693,B693
694,B694
695,B695
696,B696
697,B697
698,B698
699,B699
700,B700
701,B701
702,B702
703,B703
704,B704
705,B705
706,B706
707,B707
708,B708
709,B709
710,B710
711,B711
712,B712
713,B713
714,B714
715,B715
716,B716
717,B717
718,B718
719,B719
720,B720
721,B721
722,B722
723,B723
724,B724
725,B725
726,B726
727,B727
728,B728
729,B729
730,B730
731,B731
732,B732
733,B733
734,B734
735,B735
736,B736
737,B737
738,B738
739,B739
740,B740
741,B741
742,B742
743,B743
744,B744
745,B745
746,B746
747,B747
748,B748
749,B749
750,B750
751,B751
752,B752
753,B753
754,B754
755,B755
756,B756
757,B757
758,B758
759,B759
760,B760
761,B761
762,B762
763,B763
764,B764
765,B765
766,B766
767,B767
768,B768
769,B769
770,B770
771,B771
772,B772
773,B773
774,B774
775,B775
776,B776
777,B777
778,B778
779,B779
780,B780
781,B781
782,B782
783,B783
784,B784
785,B785
786,B786
787,B787
788,B788
789,B789
790,B790
791,B791
792,B792
793,B793
794,B794
795,B795
796,B796
797,B797
798,B798
799,B799
800,B800
801,B801
802,B802
803,B803
804,B804
805,B805
806,B806
807,B807
808,B808
809,B809
810,B810
811,B811
812,B812
813,B813
814,B814
815,B815
816,B816
817,B817
818,B818
819,B819
820,B820
821,B821
822,B822
823,B823
824,B824
825,B825
826,B826
827,B827
828,B828
829,B829
830,B830
831,B831
832,B832
833,B833
834,B834
835,B835
836,B836
837,B837
838,B838
839,B839
840,B840
841,B841
842,B842
843,B843
844,B844
845,B845
846,B846
847,B847
848,B848
849,B849
850,B850
851,B851
852,B852
853,B853
854,B854
855,B855
856,B856
857,B857
858,B858
859,B859
860,B860
861,B861
862,B862
863,B863
864,B864
865,B865
866,B866
867,B867
868,B868
869,B869
870,B870
871,B871
872,B872
873,B873
874,B874
875,B875
876,B876
877,B877
878,B878
879,B879
880,B880
881,B881
882,B882
883,B883
884,B884
885,B885
886,B886
887,B887
888,B888
889,B889
890,B890
891,B891
892,B892
893,B893
894,B894
895,B895
896,B896
897,B897
898,B898
899,B899
900,B900
901,B901
902,B902
903,B903
904,B904
905,B905
906,B906
907,B907
908,B908
909,B909
910,B910
911,B911
912,B912
913,B913
914,B914
915,B915
916,B916
917,B917
918,B918
919,B919
920,B920
921,B921
922,B922
923,B923
924,B924
925,B925
926,B926
927,B927
928,B928
929,B929
930,B930
931,B931
932,B932
933,B933
934,B934
935,B935
936,B936
937,B937
938,B938
939,B939
940,B940
941,B941
942,B942
943,B943
944,B944
945,B945
946,B946
947,B947
948,B948
949,B949
950,B950
951,B951
952,B952
953,B953
954,B954
955,B955
956,B956
957,B957
958,B958
959,B959
960,B960
961,B961
962,B962
963,B963
964,B964
965,B965
966,B966
967,B967
968,B968
969,B969
970,B970
971,B971
972,B972
973,B973
974,B974
975,B975
976,B976
977,B977
978,B978
979,B979
980,B980
981,B981
982,B982
983,B983
984,B984
985,B985
986,B986
987,B987
988,B988
989,B989
990,B990
991,B991
992,B992
993,B993
994,B994
995,B995
996,B996
997,B997
998,B998
999,B999
1000,B1000
1001,B1001
1002,B1002
1003,B1003
1004,B1004
1005,B1005
1006,B1006
1007,B1007
1008,B1008
1009,B1009
1010,B1010
1011,B1011
1012,B1012
1013,B1013
1014,B1014
1015,B1015
1016,B1016
1017,B1017
1018,B1018
1019,B1019
1020,B1020
1021,B1021
1022,B1022
1023,B1023
1024,B1024
1025,B1025
1026,B1026
1027,B1027
1028,B1028
1029,B1029
1030,B1030
1031,B1031
1032,B1032
1033,B1033
1034,B1034
1035,B1035
1036,B1036
1037,B1037
1038,B1038
1039,B1039
1040,B1040
1041,B1041
1042,B1042
1043,B1043
1044,B1044
1045,B1045
1046,B1046
1047,B1047
1048,B1048
1049,B1049
1050,B1050
1051,B1051
1052,B1052
1053,B1053
1054,B1054
1055,B1055
1056,B1056
1057,B1057
1058,B1058
1059,B1059
1060,B1060
1061,B1061
1062,B1062
1063,B1063
1064,B1064
1065,B1065
1066,B1066
1067,B1067
1068,B1068
1069,B1069
1070,B1070
1071,B1071
1072,B1072
1073,B1073
1074,B1074
1075,B1075
1076,B1076
1077,B1077
1078,B1078
1079,B1079
1080,B1080
1081,B1081
1082,B1082
1083,B1083
1084,B1084
1085,B1085
1086,B1086
1087,B1087
1088,B1088
1089,B1089
1090,B1090
1091,B1091
1092,B1092
1093,B1093
1094,B1094
1095,B1095
1096,B1096
1097,B1097
1098,B1098
1099,B1099
1100,B1100
1101,B1101
1102,B1102
1103,B1103
1104,B1104
1105,B1105
1106,B1106
1107,B1107
1108,B1108
1109,B1109
1110,B1110
1111,B1111
1112,B1112
1113,B1113
1114,B1114
1115,B1115
1116,B1116
1117,B1117
1118,B1118
1119,B1119
1120,B1120
1121,B1121
1122,B1122
1123,B1123
1124,B1124
1125,B1125
1126,B1126
1127,B1127
1128,B1128
1129,B1129
1130,B1130
1131,B1131
1132,B1132
1133,B1133
1134,B1134
1135,B1135
1136,B1136
1137,B1137
1138,B1138
1139,B1139
1140,B1140
1141,B1141
1142,B1142
1143,B1143
1144,B1144
1145,B1145
1146,B1146
1147,B1147
1148,B1148
1149,B1149
1150,B1150
1151,B1151
1152,B1152
1153,B1153
1154,B1154
1155,B1155
1156,B1156
1157,B1157
1158,B1158
1159,B1159
1160,B1160
1161,B1161
1162,B1162
1163,B1163
1164,B1164
1165,B1165
1166,B1166
1167,B1167
1168,B1168
1169,B1169
1170,B1170
1171,B1171
1172,B1172
1173,B1173
1174,B1174
1175,B1175
1176,B1176
1177,B1177
1178,B1178
1179,B1179
1180,B1180
1181,B1181
1182,B1182
1183,B1183
1184,B1184
1185,B1185
1186,B1186
1187,B1187
1188,B1188
1189,B1189
1190,B1190
1191,B1191
1192,B1192
1193,B1193
1194,B1194
1195,B1195
1196,B1196
1197,B1197
1198,B1198
1199,B1199
1200,B1200
1201,B1201
1202,B1202
1203,B1203
1204,B1204
1205,B1205
1206,B1206
1207,B1207
1208,B1208
1209,B1209
1210,B1210
1211,B1211
1212,B1212
1213,B1213
1214,B1214
1215,B1215
1216,B1216
1217,B1217
1218,B1218
1219,B1219
1220,B1220
1221,B1221
1222,B1222
1223,B1223
1224,B1224
1225,B1225
1226,B1226
1227,B1227
1228,B1228
1229,B1229
1230,B1230
1231,B1231
1232,B1232
1233,B1233
1234,B1234
1235,B1235
1236,B1236
1237,B1237
1238,B1238
1239,B1239
1240,B1240
1241,B1241
1242,B1242
1243,B1243
1244,B1244
1245,B1245
1246,B1246
1247,B1247
1248,B1248
1249,B1249
1250,B1250
1251,B1251
1252,B1252
1253,B1253
1254,B1254
1255,B1255
1256,B1256
1257,B1257
1258,B1258
1259,B1259
1260,B1260
1261,B1261
1262,B1262
1263,B1263
1264,B1264
1265,B1265
1266,B1266
1267,B1267
1268,B1268
1269,B1269
1270,B1270
1271,B1271
1272,B1272
1273,B1273
1274,B1274
1275,B1275
1276,B1276
1277,B1277
1278,B1278
1279,B1279
1280,B1280
1281,B1281
1282,B1282
1283,B1283
1284,B1284
1285,B1285
1286,B1286
1287,B1287
1288,B1288
1289,B1289
1290,B1290
1291,B1291
1292,B1292
1293,B1293
1294,B1294
1295,B1295
1296,B1296
1297,B1297
1298,B1298
1299,B1299
1300,B1300
1301,B1301
1302,B1302
1303,B1303
1304,B1304
1305,B1305
1306,B1306
1307,B1307
1308,B1308
1309,B1309
1310,B1310
1311,B1311
1312,B1312
1313,B1313
1314,B1314
1315,B1315
1316,B1316
1317,B1317
1318,B1318
1319,B1319
1320,B1320
1321,B1321
1322,B1322
1323,B1323
1324,B1324
1325,B1325
1326,B1326
1327,B1327
1328,B1328
1329,B1329
1330,B1330
1331,B1331
1332,B1332
1333,B1333
1334,B1334
1335,B1335
1336,B1336
1337,B1337
1338,B1338
1339,B1339
1340,B1340
1341,B1341
1342,B1342
1343,B1343
1344,B1344
1345,B1345
1346,B1346
1347,B1347
1348,B1348
1349,B1349
1350,B1350
1351,B1351
1352,B1352
1353,B1353
1354,B1354
1355,B1355
1356,B1356
1357,B1357
1358,B1358
1359,B1359
1360,B1360
1361,B1361
1362,B1362
1363,B1363
1364,B1364
1365,B1365
1366,B1366
1367,B1367
1368,B1368
1369,B1369
1370,B1370
1371,B1371
1372,B1372
1373,B1373
1374,B1374
1375,B1375
1376,B1376
1377,B1377
1378,B1378
1379,B1379
1380,B1380
1381,B1381
1382,B1382
1383,B1383
1384,B1384
1385,B1385
1386,B1386
1387,B1387
1388,B1388
1389,B1389
1390,B1390
1391,B1391
1392,B1392
1393,B1393
1394,B1394
1395,B1395
1396,B1396
1397,B1397
1398,B1398
1399,B1399
1400,B1400
1401,B1401
1402,B1402
1403,B1403
1404,B1404
1405,B1405
1406,B1406
1407,B1407
1408,B1408
1409,B1409
1410,B1410
1411,B1411
1412,B1412
1413,B1413
1414,B1414
1415,B1415
1416,B1416
1417,B1417
1418,B1418
1419,B1419
1420,B1420
1421,B1421
1422,B1422
1423,B1423
1424,B1424
1425,B1425
1426,B1426
1427,B1427
1428,B1428
1429,B1429
1430,B1430
1431,B1431
1432,B1432
1433,B1433
1434,B1434
1435,B1435
1436,B1436
1437,B1437
1438,B1438
1439,B1439
1440,B1440
1441,B1441
1442,B1442
1443,B1443
1444,B1444
1445,B1445
1446,B1446
1447,B1447
1448,B1448
1449,B1449
1450,B1450
1451,B1451
1452,B1452
1453,B1453
1454,B1454
1455,B1455
1456,B1456
1457,B1457
1458,B1458
1459,B1459
1460,B1460
1461,B1461
1462,B1462
1463,B1463
1464,B1464
1465,B1465
1466,B1466
1467,B1467
1468,B1468
1469,B1469
1470,B1470
1471,B1471
1472,B1472
1473,B1473
1474,B1474
1475,B1475
1476,B1476
1477,B1477
1478,B1478
1479,B1479
1480,B1480
1481,B1481
1482,B1482
1483,B1483
1484,B1484
1485,B1485
1486,B1486
1487,B1487
1488,B1488
1489,B1489
1490,B1490
1491,B1491
1492,B1492
1493,B1493
1494,B1494
1495,B1495
1496,B1496
1497,B1497
1498,B1498
1499,B1499
1500,B1500
1501,B1501
1502,B1502
1503,B1503
1504,B1504
1505,B1505
1506,B1506
1507,B1507
1508,B1508
1509,B1509
1510,B1510
1511,B1511
1512,B1512
1513,B1513
1514,B1514
1515,B1515
1516,B1516
1517,B1517
1518,B1518
1519,B1519
1520,B1520
1521,B1521
1522,B1522
1523,B1523
1524,B1524
1525,B1525
1526,B1526
1527,B1527
1528,B1528
1529,B1529
1530,B1530
1531,B1531
1532,B1532
1533,B1533
1534,B1534
1535,B1535
1536,B1536
1537,B1537
1538,B1538
1539,B1539
1540,B1540
1541,B1541
1542,B1542
1543,B1543
1544,B1544
1545,B1545
1546,B1546
1547,B1547
1548,B1548
1549,B1549
1550,B1550
1551,B1551
1552,B1552
1553,B1553
1554,B1554
1555,B1555
1556,B1556
1557,B1557
1558,B1558
1559,B1559
1560,B1560
1561,B1561
1562,B1562
1563,B1563
1564,B1564
1565,B1565
1566,B1566
1567,B1567
1568,B1568
1569,B1569
1570,B1570
1571,B1571
1572,B1572
1573,B1573
1574,B1574
1575,B1575
1576,B1576
1577,B1577
1578,B1578
1579,B1579
1580,B1580
1581,B1581
1582,B1582
1583,B1583
1584,B1584
1585,B1585
1586,B1586
1587,B1587
1588,B1588
1589,B1589
1590,B1590
1591,B1591
1592,B1592
1593,B1593
1594,B1594
1595,B1595
1596,B1596
1597,B1597
1598,B1598
1599,B1599
1600,B1600
1601,B1601
1602,B1602
1603,B1603
1604,B1604
1605,B1605
1606,B1606
1607,B1607
1608,B1608
1609,B1609
1610,B1610
1611,B1611
1612,B1612
1613,B1613
1614,B1614
1615,B1615
1616,B1616
1617,B1617
1618,B1618
1619,B1619
1620,B1620
1621,B1621
1622,B1622
1623,B1623
1624,B1624
1625,B1625
1626,B1626
1627,B1627
1628,B1628
1629,B1629
1630,B1630
1631,B1631
1632,B1632
1633,B1633
1634,B1634
1635,B1635
1636,B1636
1637,B1637
1638,B1638
1639,B1639
1640,B1640
1641,B1641
1642,B1642
1643,B1643
1644,B1644
1645,B1645
1646,B1646
1647,B1647
1648,B1648
1649,B1649
1650,B1650
1651,B1651
1652,B1652
1653,B1653
1654,B1654
1655,B1655
1656,B1656
1657,B1657
1658,B1658
1659,B1659
1660,B1660
1661,B1661
1662,B1662
1663,B1663
1664,B1664
1665,B1665
1666,B1666
1667,B1667
1668,B1668
1669,B1669
1670,B1670
1671,B1671
1672,B1672
1673,B1673
1674,B1674
1675,B1675
1676,B1676
1677,B1677
1678,B1678
1679,B1679
1680,B1680
1681,B1681
1682,B1682
1683,B1683
1684,B1684
1685,B1685
1686,B1686
1687,B1687
1688,B1688
1689,B1689
1690,B1690
1691,B1691
1692,B1692
1693,B1693
1694,B1694
1695,B1695
1696,B1696
1697,B1697
1698,B1698
1699,B1699
1700,B1700
1701,B1701
1702,B1702
1703,B1703
1704,B1704
1705,B1705
1706,B1706
1707,B1707
1708,B1708
1709,B1709
1710,B1710
1711,B1711
1712,B1712
1713,B1713
1714,B1714
1715,B1715
1716,B1716
1717,B1717
1718,B1718
1719,B1719
1720,B1720
1721,B1721
1722,B1722
1723,B1723
1724,B1724
1725,B1725
1726,B1726
1727,B1727
1728,B1728
1729,B1729
1730,B1730
1731,B1731
1732,B1732
1733,B1733
1734,B1734
1735,B1735
1736,B1736
1737,B1737
1738,B1738
1739,B1739
1740,B1740
1741,B1741
1742,B1742
1743,B1743
1744,B1744
1745,B1745
1746,B1746
1747,B1747
1748,B1748
1749,B1749
1750,B1750
1751,B1751
1752,B1752
1753,B1753
1754,B1754
1755,B1755
1756,B1756
1757,B1757
1758,B1758
1759,B1759
1760,B1760
1761,B1761
1762,B1762
1763,B1763
1764,B1764
1765,B1765
1766,B1766
1767,B1767
1768,B1768
1769,B1769
1770,B1770
1771,B1771
1772,B1772
1773,B1773
1774,B1774
1775,B1775
1776,B1776
1777,B1777
1778,B1778
1779,B1779
1780,B1780
1781,B1781
1782,B1782
1783,B1783
1784,B1784
1785,B1785
1786,B1786
1787,B1787
1788,B1788
1789,B1789
1790,B1790
1791,B1791
1792,B1792
1793,B1793
1794,B1794
1795,B1795
1796,B1796
1797,B1797
1798,B1798
1799,B1799
1800,B1800
1801,B1801
1802,B1802
1803,B1803
1804,B1804
1805,B1805
1806,B1806
1807,B1807
1808,B1808
1809,B1809
1810,B1810
1811,B1811
1812,B1812
1813,B1813
1814,B1814
1815,B1815
1816,B1816
1817,B1817
1818,B1818
1819,B1819
1820,B1820
1821,B1821
1822,B1822
1823,B1823
1824,B1824
1825,B1825
1826,B1826
1827,B1827
1828,B1828
1829,B1829
1830,B1830
1831,B1831
1832,B1832
1833,B1833
1834,B1834
1835,B1835
1836,B1836
1837,B1837
1838,B1838
1839,B1839
1840,B1840
1841,B1841
1842,B1842
1843,B1843
1844,B1844
1845,B1845
1846,B1846
1847,B1847
1848,B1848
1849,B1849
1850,B1850
1851,B1851
1852,B1852
1853,B1853
1854,B1854
1855,B1855
1856,B1856
1857,B1857
1858,B1858
1859,B1859
1860,B1860
1861,B1861
1862,B1862
1863,B1863
1864,B1864
1865,B1865
1866,B1866
1867,B1867
1868,B1868
1869,B1869
1870,B1870
1871,B1871
1872,B1872
1873,B1873
1874,B1874
1875,B1875
1876,B1876
1877,B1877
1878,B1878
1879,B1879
1880,B1880
1881,B1881
1882,B1882
1883,B1883
1884,B1884
1885,B1885
1886,B1886
1887,B1887
1888,B1888
