line,BusFrom,BusTo,X,Pmin,Pmax,ratio,IsBuildPlineLimit
1459,1102,846,0.00193,-1400,1400,1,YES
125,1398,52,0.00332,-1300,1300,1,YES
1,692,1,0.01746,-999999,999999,1,YES
2,27,2,0.00012,-999999,999999,1,YES
3,661,2,0.00188,-999999,999999,1,YES
4,1250,2,0.00323,-999999,999999,1,YES
5,28,2,0.00012,-999999,999999,1,YES
6,138,3,0.04107,-999999,999999,1,YES
7,663,3,0.00437,-999999,999999,1,YES
8,1029,4,0.03409,-999999,999999,1,YES
9,98,5,0.00202,-999999,999999,1,YES
10,279,6,0.03399,-999999,999999,1,YES
11,323,6,0.01983,-999999,999999,1,YES
12,720,5,0.03506,-999999,999999,1,YES
13,742,5,0.03287,-999999,999999,1,YES
14,1308,6,0.00873,-999999,999999,1,YES
15,1327,5,0.00312,-999999,999999,1,YES
16,1505,6,0.01614,-999999,999999,1,YES
17,99,8,0.00091,-999999,999999,1,YES
18,311,8,0.00673,-999999,999999,1,YES
19,612,8,0.00801,-2462,2462,1,NO
20,865,8,0.00918,-1644,1644,1,NO
21,100,7,0.00074,-1095,1095,1,NO
22,612,8,0.00802,-2462,2462,1,NO
23,612,7,0.01312,-1433,1433,1,NO
24,111,9,0.00067,-331,331,1,NO
25,1110,9,9E-05,-268,268,1,NO
26,340,10,0.02862,-455,455,1,NO
27,339,10,0.02858,-455,455,1,NO
28,104,11,0.00051,0,0,1,NO
29,740,12,0.00215,-452,452,1,NO
30,945,12,0.00087,-481,481,1,NO
31,938,13,0.00083,-268,268,1,NO
32,978,13,0.00061,-268,268,1,NO
33,37,14,0.01175,-424,424,1,NO
34,1410,14,0.01162,-290,290,1,NO
35,1035,16,0.00077,-379,379,1,NO
36,1035,15,0.00077,-379,379,1,NO
37,1410,17,0.00344,-290,290,1,NO
38,1414,17,0.03688,-522,522,1,NO
39,37,17,0.00346,-418,418,1,NO
40,853,18,0.01118,-304,304,1,NO
41,1069,18,0.00312,-270,270,1,NO
42,1141,20,0.00014,-701,701,1,NO
43,1141,19,0.00016,-251,251,1,NO
44,955,21,0.00116,-405,405,1,NO
45,469,22,0.03793,-492,492,1,NO
46,1479,22,0.01165,-492,492,1,NO
47,68,23,0.00946,-463,463,1,NO
48,438,23,0.00693,-432,432,1,NO
49,594,23,0.02873,-432,432,1,NO
50,970,23,0.01063,-481,481,1,NO
51,831,24,0.00354,-506,506,1,NO
52,831,24,0.00354,-506,506,1,NO
53,120,25,0.02038,0,0,1,NO
54,1461,25,0.04887,-351,351,1,NO
55,1482,25,0.01626,-311,311,1,NO
56,282,26,0.00342,-452,452,1,NO
57,302,26,0.0072,-448,448,1,NO
58,1433,26,0.00244,-348,348,1,NO
59,282,26,0.00346,-356,356,1,NO
60,302,26,0.00725,-540,540,1,NO
61,1432,26,0.00247,-405,405,1,NO
62,302,26,0.00727,-540,540,1,NO
63,828,29,0.01169,-467,467,1,NO
64,943,29,0.00713,-413,413,1,NO
65,1248,29,0.00859,-541,541,1,NO
66,1249,29,0.00859,-541,541,1,NO
67,1249,29,0.00853,-541,541,1,NO
68,204,30,0.00093,0,0,1,NO
69,320,30,0.00159,-422,422,1,NO
70,1129,30,0.00171,-385,385,1,NO
71,1147,30,0.00336,-385,385,1,NO
72,338,31,0.00105,-452,452,1,NO
73,938,31,0.00223,-452,452,1,NO
74,1236,32,0.10684,0,0,1,NO
75,1421,32,0.02076,0,0,1,NO
76,832,33,0.00512,-389,389,1,NO
77,832,33,0.00524,-419,419,1,NO
78,220,34,0.01946,-1579,1579,1,NO
79,470,35,0.00877,-321,321,1,NO
80,1157,35,0.04318,-321,321,1,NO
81,131,37,0.03245,-487,487,1,NO
82,185,37,0.04275,-418,418,1,NO
83,200,37,0.03125,-327,327,1,NO
84,290,38,0.00765,-2487,2487,1,NO
85,749,38,0.02163,-2487,2487,1,NO
86,933,38,0.0143,-2487,2487,1,NO
87,1261,38,0.01531,-2487,2487,1,NO
88,290,38,0.00758,-2487,2487,1,NO
89,749,38,0.02163,-2487,2487,1,NO
90,933,38,0.01429,-2487,2487,1,NO
91,1260,38,0.01534,-2487,2487,1,NO
92,1261,38,0.01787,-1382,1382,1,NO
93,547,39,0.00348,-254,254,1,NO
94,1401,40,0.00419,-471,471,1,NO
95,1401,41,0.00415,-471,471,1,NO
96,1021,42,0.0044,-541,541,1,NO
97,1503,42,0.0046,-304,304,1,NO
98,1021,42,0.00444,-440,440,1,NO
99,1506,43,0.01322,-541,541,1,NO
100,1507,43,0.01304,0,0,1,NO
101,1298,44,0.01027,0,0,1,NO
102,1411,44,0.00751,0,0,1,NO
103,47,46,0.0002,-261,261,1,NO
104,47,45,0.0002,-261,261,1,NO
105,292,47,0.0109,-352,352,1,NO
106,313,47,0.00202,-428,428,1,NO
107,364,47,0.00156,-426,426,1,NO
108,597,47,0.00018,0,0,1,NO
109,822,47,0.01244,-935,935,1,NO
110,1208,47,0.00213,-268,268,1,NO
111,1357,47,0.00069,-387,387,1,NO
112,1393,47,0.00518,-323,323,1,NO
113,822,47,0.01212,-943,943,1,NO
114,1355,47,0.00022,-323,323,1,NO
115,1354,47,0.00022,-323,323,1,NO
116,1146,48,0.00095,-348,348,1,NO
117,688,49,0.00708,-302,302,1,NO
118,1244,49,0.01146,-315,315,1,NO
119,397,50,0.0097,-566,566,1,NO
120,418,50,0.00954,-566,566,1,NO
121,450,51,0.02823,-440,440,1,NO
122,748,51,0.008,-575,575,1,NO
123,1511,51,0.02722,-440,440,1,NO
124,749,52,0.00191,-2487,2487,1,NO
126,1079,54,0.00225,-406,406,1,NO
127,1079,53,0.00225,-406,406,1,NO
128,315,55,0.04478,-405,405,1,NO
129,798,55,0.07832,-362,362,1,NO
130,1264,55,0.04869,-354,354,1,NO
131,453,56,0.05934,-409,409,1,NO
132,812,56,0.05663,-262,262,1,NO
133,1411,57,0.00116,0,0,1,NO
134,1070,59,0.00168,0,0,1,NO
135,1070,58,0.00168,0,0,1,NO
136,697,60,0.00057,0,0,1,NO
137,1013,61,0.00484,-432,432,1,NO
138,981,62,0.00855,-346,346,1,NO
139,337,64,0.00065,0,0,1,NO
140,877,63,0.00073,-385,385,1,NO
141,1244,65,0.01262,-302,302,1,NO
142,1379,66,0.02974,-303,303,1,NO
143,1525,66,0.03043,-380,380,1,NO
144,397,68,0.01474,-565,565,1,NO
145,461,67,0.00384,-507,507,1,NO
146,774,67,0.02031,-566,566,1,NO
147,1325,68,0.01553,-549,549,1,NO
148,1462,67,0.00897,-566,566,1,NO
149,462,67,0.00391,-415,415,1,NO
150,627,67,0.0127,-501,501,1,NO
151,545,69,0.00672,-1725,1725,1,NO
152,775,69,0.0071,-1916,1916,1,NO
153,1402,69,0.00463,-2275,2275,1,NO
154,775,69,0.0062,-2487,2487,1,NO
155,1398,69,0.0193,-2275,2275,1,NO
156,193,71,0.00111,-461,461,1,NO
157,369,70,0.00193,-407,407,1,NO
158,396,70,0.00091,-428,428,1,NO
159,965,70,0.00356,-416,416,1,NO
160,1081,71,0.00126,-416,416,1,NO
161,828,72,0.00138,-420,420,1,NO
162,828,73,0.0014,-420,420,1,NO
163,381,74,0.00869,-525,525,1,NO
164,828,74,0.00466,-541,541,1,NO
165,77,75,0.00042,-434,434,1,NO
166,294,76,0.0001,-1051,1051,1,NO
167,427,76,0.00458,-2357,2357,1,NO
168,689,76,0.00918,-2487,2487,1,NO
169,427,76,0.00458,-2357,2357,1,NO
170,689,76,0.00924,-2487,2487,1,NO
171,296,76,0.0001,-1382,1382,1,NO
172,295,76,0.0001,-1382,1382,1,NO
173,426,77,0.01733,-418,418,1,NO
174,1021,77,0.06262,-471,471,1,NO
175,1413,78,0.0001,-405,405,1,NO
176,1412,79,0.0001,0,0,1,NO
177,728,80,0.00259,-388,388,1,NO
178,1414,81,0.0002,-566,566,1,NO
179,615,82,0.00077,-272,272,1,NO
180,171,83,0.00784,-296,296,1,NO
181,840,83,0.01498,-401,401,1,NO
182,1164,84,0.00259,0,0,1,NO
183,1165,84,0.00259,0,0,1,NO
184,542,85,0.01486,-1717,1717,1,NO
185,542,85,0.0139,-1711,1711,1,NO
186,509,86,0.02029,-420,420,1,NO
187,854,86,0.01603,-440,440,1,NO
188,1277,87,0.00138,-378,378,1,NO
189,1329,87,0.01264,-440,440,1,NO
190,1329,87,0.0125,-502,502,1,NO
191,276,88,0.02449,0,0,1,NO
192,459,88,0.08396,0,0,1,NO
193,712,88,0.05849,0,0,1,NO
194,1313,88,0.02813,0,0,1,NO
195,1415,89,0.00401,-471,471,1,NO
196,370,90,0.0324,0,0,1,NO
197,1471,90,0.02578,0,0,1,NO
198,917,92,0.00665,-2487,2487,1,NO
199,933,92,0.00834,-2487,2487,1,NO
200,1043,91,0.0157,-2487,2487,1,NO
201,1087,92,0.01062,-2487,2487,1,NO
202,1261,91,0.01945,-2487,2487,1,NO
203,1324,91,0.00398,-2487,2487,1,NO
204,918,91,0.00664,-2487,2487,1,NO
205,933,91,0.00834,-2487,2487,1,NO
206,1043,92,0.01557,-2487,2487,1,NO
207,1087,91,0.01062,-2487,2487,1,NO
208,1260,92,0.01947,-2487,2487,1,NO
209,1324,92,0.00398,-2487,2487,1,NO
210,920,91,0.0066,-2487,2487,1,NO
211,919,92,0.00659,-2487,2487,1,NO
212,1125,93,0.01205,-439,439,1,NO
213,145,94,0.02327,-575,575,1,NO
214,666,95,0.10554,0,0,1,NO
215,685,95,0.06712,0,0,1,NO
216,686,96,0.04085,-398,398,1,NO
217,1213,97,0.0002,0,0,1,NO
218,605,98,0.0128,-357,357,1,NO
219,223,101,0.0002,0,0,1,NO
220,938,101,0.00099,-288,288,1,NO
221,224,102,0.0002,-386,386,1,NO
222,532,103,0.01649,-434,434,1,NO
223,617,103,0.00356,-370,370,1,NO
224,755,103,0.02368,-507,507,1,NO
225,1040,103,0.01811,-383,383,1,NO
226,616,103,0.00356,-370,370,1,NO
227,938,104,0.00093,-331,331,1,NO
228,119,105,0.00994,-307,307,1,NO
229,856,105,0.02892,-389,389,1,NO
230,1103,105,0.02469,-584,584,1,NO
231,1145,105,0.03253,-344,344,1,NO
232,1386,105,0.037,-428,428,1,NO
233,1418,105,0.0099,-428,428,1,NO
234,543,106,0.02924,-2040,2040,1,NO
235,584,106,0.01491,-1579,1579,1,NO
236,759,106,0.02815,-1487,1487,1,NO
237,1104,106,0.00946,-1382,1382,1,NO
238,585,106,0.01617,-1579,1579,1,NO
239,759,106,0.02816,-1487,1487,1,NO
240,1197,106,0.01607,-2040,2040,1,NO
241,840,107,0.00231,0,0,1,NO
242,141,108,0.00091,-405,405,1,NO
243,219,109,0.01569,-413,413,1,NO
244,764,109,0.04476,-413,413,1,NO
245,755,110,0.02173,-831,831,1,NO
246,1515,110,0.01721,-935,935,1,NO
247,291,111,0.00136,-331,331,1,NO
248,365,111,0.00142,-339,339,1,NO
249,1325,112,0.01195,-432,432,1,NO
250,1417,112,0.00533,-432,432,1,NO
251,387,113,0.01002,-540,540,1,NO
252,406,113,0.02115,-540,540,1,NO
253,1319,113,0.01076,-540,540,1,NO
254,1496,113,0.0172,-540,540,1,NO
255,129,113,0.00144,-545,545,1,NO
256,1319,113,0.01073,-535,535,1,NO
257,128,113,0.00109,-545,545,1,NO
258,638,114,0.00945,-2487,2487,1,NO
259,756,114,0.03536,-1579,1579,1,NO
260,1345,114,0.00805,-2487,2487,1,NO
261,638,114,0.00938,-2487,2487,1,NO
262,1346,114,0.00806,-2487,2487,1,NO
263,130,114,0.00037,-921,921,1,NO
264,973,115,0.06955,-391,391,1,NO
265,1012,115,0.07036,-412,412,1,NO
266,831,117,0.01047,-461,461,1,NO
267,1002,117,0.01017,-482,482,1,NO
268,1279,118,0.00657,-1633,1633,1,NO
269,1279,118,0.00657,-1633,1633,1,NO
270,611,120,0.01533,-288,288,1,NO
271,699,121,0.02923,0,0,1,NO
272,1469,121,0.01285,0,0,1,NO
273,1419,122,0.0001,-473,473,1,NO
274,153,123,0.0002,-288,288,1,NO
275,154,127,0.00014,-1382,1382,1,NO
276,154,124,0.00016,-1382,1382,1,NO
277,154,125,0.00017,-1737,1737,1,NO
278,154,126,0.00018,-1382,1382,1,NO
279,831,132,0.00218,-405,405,1,NO
280,825,133,0.01425,-2389,2389,1,NO
281,873,133,0.00649,-2487,2487,1,NO
282,898,133,0.00015,-2487,2487,1,NO
283,824,133,0.01462,-2487,2487,1,NO
284,874,133,0.00649,-2487,2487,1,NO
285,899,133,0.0001,-2487,2487,1,NO
286,388,134,0.00964,-399,399,1,NO
287,401,134,0.00842,-502,502,1,NO
288,794,134,0.01219,-292,292,1,NO
289,795,134,0.00706,-433,433,1,NO
290,1222,134,0.01671,-433,433,1,NO
291,1468,134,0.01493,-384,384,1,NO
292,388,134,0.00966,-399,399,1,NO
293,260,135,0.00547,-1429,1429,1,NO
294,806,135,0.00474,-1711,1711,1,NO
295,370,136,0.00371,-482,482,1,NO
296,408,136,0.02015,-369,369,1,NO
297,1258,137,0.03488,-369,369,1,NO
298,1291,136,0.00429,-482,482,1,NO
299,370,136,0.00371,-482,482,1,NO
300,969,136,0.00535,0,0,1,NO
301,1291,137,0.00454,-482,482,1,NO
302,902,138,0.02787,-485,485,1,NO
303,1314,138,0.02218,-471,471,1,NO
304,1314,138,0.02218,-541,541,1,NO
305,388,139,0.00081,-434,434,1,NO
306,388,140,0.00099,-271,271,1,NO
307,798,141,0.02242,-471,471,1,NO
308,1506,141,0.02293,-540,540,1,NO
309,812,142,0.00968,-296,296,1,NO
310,812,143,0.00958,-296,296,1,NO
311,508,144,0.00138,0,0,1,NO
312,1085,145,0.0113,-575,575,1,NO
313,408,146,0.02264,-384,384,1,NO
314,855,146,0.01566,-384,384,1,NO
315,171,147,0.00154,0,0,1,NO
316,347,149,0.03427,-935,935,1,NO
317,487,150,0.02378,-369,369,1,NO
318,901,150,0.01883,-519,519,1,NO
319,1008,150,0.0431,-482,482,1,NO
320,1219,150,0.01102,-519,519,1,NO
321,149,148,9E-05,-935,935,1,NO
322,966,151,0.00163,-2450,2450,1,NO
323,429,152,0.01774,0,0,1,NO
324,615,152,0.00242,-575,575,1,NO
325,428,152,0.01774,0,0,1,NO
326,615,152,0.00266,-575,575,1,NO
327,841,154,0.00826,-1579,1579,1,NO
328,962,154,0.00999,-2368,2368,1,NO
329,383,154,0.00645,-2368,2368,1,NO
330,961,154,0.00999,-2368,2368,1,NO
331,383,154,0.00677,-2368,2368,1,NO
332,383,154,0.00677,-2368,2368,1,NO
333,963,155,0.00461,-380,380,1,NO
334,930,156,0.01293,-428,428,1,NO
335,1329,156,0.03089,-428,428,1,NO
336,160,159,0.00198,-337,337,1,NO
337,160,157,0.00198,-335,335,1,NO
338,160,158,0.00198,-335,335,1,NO
339,768,160,0.02396,-535,535,1,NO
340,990,160,0.01711,-471,471,1,NO
341,1435,160,0.04145,-515,515,1,NO
342,1482,161,0.0002,0,0,1,NO
343,645,162,0.00551,-325,325,1,NO
344,562,164,0.06507,-328,328,1,NO
345,812,164,0.01648,-325,325,1,NO
346,989,164,0.05657,-328,328,1,NO
347,1442,164,0.01616,-328,328,1,NO
348,1446,164,0.01491,-305,305,1,NO
349,1524,164,0.03465,-328,328,1,NO
350,812,164,0.01626,-418,418,1,NO
351,275,164,0.01547,-309,309,1,NO
352,759,165,0.04947,-1188,1188,1,NO
353,1102,165,0.01482,-1171,1171,1,NO
354,742,166,0.01482,0,0,1,NO
355,1421,167,0.00324,0,0,1,NO
356,1420,169,0.0002,0,0,1,NO
357,1422,168,0.0003,0,0,1,NO
358,1397,170,0.00624,-441,441,1,NO
359,941,171,0.01094,-296,296,1,NO
360,752,172,0.00176,-507,507,1,NO
361,1062,172,0.01112,-408,408,1,NO
362,1223,176,0.00017,0,0,1,NO
363,1224,175,0.00019,0,0,1,NO
364,1223,173,0.0002,0,0,1,NO
365,1224,174,0.0002,0,0,1,NO
366,1013,177,0.035,-487,487,1,NO
367,470,178,0.00931,-340,340,1,NO
368,746,178,0.02183,-325,325,1,NO
369,1423,179,0.0001,-394,394,1,NO
370,543,180,0.00013,-1842,1842,1,NO
371,543,181,0.0001,-1842,1842,1,NO
372,1253,182,0.00057,-268,268,1,NO
373,660,184,0.00389,-414,414,1,NO
374,660,183,0.00389,-414,414,1,NO
375,1425,187,0.0128,-292,292,1,NO
376,1434,188,0.0158,-558,558,1,NO
377,486,189,0.02452,-404,404,1,NO
378,574,189,0.04326,-558,558,1,NO
379,1161,189,0.05398,-558,558,1,NO
380,1460,189,0.03026,-485,485,1,NO
381,1219,190,0.00498,0,0,1,NO
382,261,191,0.01683,-306,306,1,NO
383,1192,191,0.00994,0,0,1,NO
384,1306,191,0.0397,-274,274,1,NO
385,221,192,0.05389,-311,311,1,NO
386,691,192,0.02372,-540,540,1,NO
387,732,192,0.04142,-362,362,1,NO
388,1154,192,0.01701,-413,413,1,NO
389,1512,192,0.02673,-413,413,1,NO
390,692,192,0.01825,-604,604,1,NO
391,692,192,0.01752,-935,935,1,NO
392,439,193,9E-05,0,0,1,NO
393,1133,193,0.00464,-461,461,1,NO
394,470,194,0.01106,-363,363,1,NO
395,746,194,0.00946,-363,363,1,NO
396,713,196,0.00913,-482,482,1,NO
397,1307,196,0.01082,-470,470,1,NO
398,713,196,0.00942,-482,482,1,NO
399,1307,196,0.01096,-470,470,1,NO
400,118,197,0.0108,-1355,1355,1,NO
401,118,197,0.0108,-1355,1355,1,NO
402,1006,198,0.00069,0,0,1,NO
403,1081,198,0.0013,0,0,1,NO
404,200,199,0.0002,-471,471,1,NO
405,1167,200,0.02489,-327,327,1,NO
406,432,201,0.01355,-449,449,1,NO
407,1033,201,0.05645,-362,362,1,NO
408,1051,201,0.00391,-304,304,1,NO
409,1052,201,0.00391,-304,304,1,NO
410,1521,201,0.00671,-541,541,1,NO
411,1424,202,0.00409,-507,507,1,NO
412,472,203,0.0026,-342,342,1,NO
413,186,205,0.02139,-292,292,1,NO
414,209,205,0.00731,-292,292,1,NO
415,245,205,0.0046,-430,430,1,NO
416,556,205,0.01148,-333,333,1,NO
417,1316,205,0.01138,-333,333,1,NO
418,1429,205,0.00233,-333,333,1,NO
419,1437,205,0.01908,-423,423,1,NO
420,533,205,0.02904,-423,423,1,NO
421,1425,205,0.00976,-292,292,1,NO
422,260,206,0.01587,-1711,1711,1,NO
423,350,206,0.01286,-1611,1611,1,NO
424,257,207,0.00012,-552,552,1,NO
425,548,207,0.00769,-1355,1355,1,NO
426,1425,208,0.00328,-292,292,1,NO
427,416,211,0.00192,-541,541,1,NO
428,416,210,0.00194,-541,541,1,NO
429,1036,212,0.0012,-257,257,1,NO
430,440,213,0.00745,-322,322,1,NO
431,1031,213,0.00596,-575,575,1,NO
432,472,214,0.00354,-541,541,1,NO
433,1426,215,0.00119,-482,482,1,NO
434,603,216,0.0064,0,0,1,NO
435,1011,217,0.00211,-546,546,1,NO
436,343,218,0.02938,-1579,1579,1,NO
437,770,218,0.02074,-1987,1987,1,NO
438,764,219,0.06022,-413,413,1,NO
439,832,219,0.06673,-736,736,1,NO
440,876,219,0.03048,-420,420,1,NO
441,876,219,0.02904,-389,389,1,NO
442,1126,220,0.0176,-1932,1932,1,NO
443,1126,220,0.01741,-1932,1932,1,NO
444,1013,221,0.02418,-566,566,1,NO
445,722,222,0.01215,-1708,1708,1,NO
446,775,222,0.014,-1917,1917,1,NO
447,893,224,0.00152,-335,335,1,NO
448,925,224,0.00051,-272,272,1,NO
449,1151,225,0.0062,-440,440,1,NO
450,1151,226,0.0062,-507,507,1,NO
451,1428,227,0.0002,-471,471,1,NO
452,1427,228,0.0002,-540,540,1,NO
453,569,229,0.00723,-335,335,1,NO
454,827,230,0.02234,-540,540,1,NO
455,996,229,0.02094,-335,335,1,NO
456,1259,229,0.00897,-935,935,1,NO
457,1529,230,0.02282,-300,300,1,NO
458,1259,230,0.00842,-935,935,1,NO
459,621,231,0.00142,0,0,1,NO
460,834,232,0.00109,0,0,1,NO
461,1156,232,0.00067,0,0,1,NO
462,380,234,0.00716,0,0,1,NO
463,1345,235,0.00487,-2487,2487,1,NO
464,1345,236,0.00489,-2487,2487,1,NO
465,1346,237,0.00481,-2487,2487,1,NO
466,1346,238,0.00484,-2487,2487,1,NO
467,980,239,0.00138,0,0,1,NO
468,1141,239,0.00108,-403,403,1,NO
469,656,243,0.06615,-336,336,1,NO
470,686,242,0.00996,-336,336,1,NO
471,686,242,0.00922,-422,422,1,NO
472,686,243,0.00934,-422,422,1,NO
473,765,244,0.02022,-2487,2487,1,NO
474,1330,244,0.02218,-2487,2487,1,NO
475,765,244,0.02017,-2487,2487,1,NO
476,1330,244,0.02217,-2487,2487,1,NO
477,874,246,0.02217,-1397,1397,1,NO
478,932,246,0.00112,-1486,1486,1,NO
479,955,253,0.02114,-460,460,1,NO
480,974,253,0.00369,-540,540,1,NO
481,1464,251,0.00569,-720,720,1,NO
482,1476,253,0.0045,-437,437,1,NO
483,1477,253,0.0045,-524,524,1,NO
484,1463,251,0.00569,-720,720,1,NO
485,1451,252,0.00844,-935,935,1,NO
486,1452,252,0.00855,-935,935,1,NO
487,799,255,0.00709,-1579,1579,1,NO
488,1261,255,0.00638,-1579,1579,1,NO
489,799,254,0.00712,-1579,1579,1,NO
490,1260,254,0.00641,-1579,1579,1,NO
491,1338,256,0.01385,-540,540,1,NO
492,1338,256,0.01385,-540,540,1,NO
493,289,258,0.00565,-558,558,1,NO
494,342,258,0.01489,-558,558,1,NO
495,1429,259,0.03149,-333,333,1,NO
496,350,260,0.02883,-1611,1611,1,NO
497,356,260,0.02423,-1567,1567,1,NO
498,612,260,0.01418,-2487,2487,1,NO
499,806,260,0.00289,-1308,1308,1,NO
500,991,260,0.00989,-1711,1711,1,NO
501,1224,260,0.00395,-1579,1579,1,NO
502,356,260,0.01912,-1567,1567,1,NO
503,612,260,0.01418,-2487,2487,1,NO
504,806,260,0.00255,-1579,1579,1,NO
505,991,260,0.00989,-1711,1711,1,NO
506,1223,260,0.00395,-1579,1579,1,NO
507,1223,260,0.004,-1579,1579,1,NO
508,1224,260,0.004,-1711,1711,1,NO
509,411,261,0.02086,-406,406,1,NO
510,411,261,0.022,-406,406,1,NO
511,411,261,0.0208,-492,492,1,NO
512,1331,263,0.00505,-1380,1380,1,NO
513,1331,262,0.00504,-1380,1380,1,NO
514,493,265,0.01088,-321,321,1,NO
515,1157,265,0.01827,-302,302,1,NO
516,358,266,0.05044,-325,325,1,NO
517,591,266,0.01393,-604,604,1,NO
518,591,266,0.01393,-604,604,1,NO
519,427,267,0.01733,-1579,1579,1,NO
520,689,267,0.00404,-2487,2487,1,NO
521,1022,267,0.0105,-2487,2487,1,NO
522,1370,267,0.01425,-1579,1579,1,NO
523,689,267,0.00404,-2487,2487,1,NO
524,1022,267,0.0105,-2487,2487,1,NO
525,1059,268,0.01288,-535,535,1,NO
526,1217,269,0.00111,-471,471,1,NO
527,313,270,0.00085,-428,428,1,NO
528,336,270,0.00069,-311,311,1,NO
529,1347,270,0.0013,-404,404,1,NO
530,1357,270,0.00061,-387,387,1,NO
531,1312,272,0.00711,-298,298,1,NO
532,584,273,0.01287,-1611,1611,1,NO
533,991,273,0.01002,-2487,2487,1,NO
534,1224,273,0.01203,-1711,1711,1,NO
535,449,273,0.00673,-2487,2487,1,NO
536,585,273,0.01287,-1611,1611,1,NO
537,1223,273,0.01203,-1711,1711,1,NO
538,1442,274,0.00032,-328,328,1,NO
539,1096,276,0.00884,0,0,1,NO
540,1509,278,0.00067,-257,257,1,NO
541,1508,277,0.00069,-257,257,1,NO
542,546,279,0.03182,-289,289,1,NO
543,391,281,0.0002,0,0,1,NO
544,391,280,0.0002,0,0,1,NO
545,1146,282,0.02169,-452,452,1,NO
546,399,284,0.01642,-354,354,1,NO
547,879,284,0.02835,-356,356,1,NO
548,928,284,0.00883,0,0,1,NO
549,1091,284,0.0366,-369,369,1,NO
550,1390,284,0.00589,0,0,1,NO
551,399,284,0.01572,-428,428,1,NO
552,1389,284,0.00575,0,0,1,NO
553,399,284,0.01576,-440,440,1,NO
554,1047,284,0.00233,-356,356,1,NO
555,845,284,0.0012,-307,307,1,NO
556,844,284,0.00119,-307,307,1,NO
557,288,285,0.00021,-1828,1828,1,NO
558,303,285,0.01414,-1191,1191,1,NO
559,1048,287,0.00086,-1204,1204,1,NO
560,1239,286,0.0213,-1566,1566,1,NO
561,1359,287,0.01687,-1659,1659,1,NO
562,1430,286,0.00019,-1828,1828,1,NO
563,288,286,0.00021,-1828,1828,1,NO
564,303,285,0.01412,-1191,1191,1,NO
565,825,287,0.01095,-1711,1711,1,NO
566,874,287,0.01735,-1828,1828,1,NO
567,1239,287,0.01848,-1842,1842,1,NO
568,1239,287,0.01832,-1842,1842,1,NO
569,342,289,0.02001,-524,524,1,NO
570,793,289,0.04079,-558,558,1,NO
571,1038,289,0.03055,-558,558,1,NO
572,1337,289,0.00966,-355,355,1,NO
573,1443,289,0.01322,-400,400,1,NO
574,1470,289,0.02515,-391,391,1,NO
575,545,290,0.00541,-2487,2487,1,NO
576,693,290,0.01387,-1828,1828,1,NO
577,1398,290,0.02188,-1917,1917,1,NO
578,545,290,0.00544,-2487,2487,1,NO
579,693,290,0.01383,-1828,1828,1,NO
580,1398,290,0.02188,-1917,1917,1,NO
581,337,291,0.00294,0,0,1,NO
582,365,291,0.00085,-331,331,1,NO
583,878,291,0.00275,0,0,1,NO
584,1106,291,0.00233,-272,272,1,NO
585,1365,291,0.0096,-335,335,1,NO
586,1393,292,0.0061,-323,323,1,NO
587,364,292,0.00085,-268,268,1,NO
588,1107,292,0.00255,-272,272,1,NO
589,1365,291,0.00956,-335,335,1,NO
590,1365,291,0.00879,-833,833,1,NO
591,1484,291,0.0051,-935,935,1,NO
592,612,293,0.00262,-921,921,1,NO
593,426,297,0.05244,-401,401,1,NO
594,777,297,0.02056,-558,558,1,NO
595,1038,297,0.02524,-558,558,1,NO
596,1395,297,0.0322,-357,357,1,NO
597,426,297,0.07176,-372,372,1,NO
598,722,298,0.00701,-2487,2487,1,NO
599,722,299,0.00643,-2487,2487,1,NO
600,784,300,0.01728,-507,507,1,NO
601,784,300,0.01857,-388,388,1,NO
602,717,302,0.00534,-440,440,1,NO
603,741,302,0.01708,-471,471,1,NO
604,717,302,0.00505,-440,440,1,NO
605,539,303,0.00972,-2487,2487,1,NO
606,1366,303,0.00471,-1774,1774,1,NO
607,539,303,0.00971,-2487,2487,1,NO
608,1366,303,0.00476,-1774,1774,1,NO
609,1366,303,0.00504,-1397,1397,1,NO
610,840,304,0.02986,-439,439,1,NO
611,1315,306,0.00021,-2487,2487,1,NO
612,1315,305,0.00024,-2487,2487,1,NO
613,507,307,0.01515,-472,472,1,NO
614,653,307,0.00533,-473,473,1,NO
615,608,308,0.00498,-575,575,1,NO
616,750,308,0.01169,-558,558,1,NO
617,608,308,0.00435,-575,575,1,NO
618,418,309,0.00267,-374,374,1,NO
619,418,310,0.00268,-432,432,1,NO
620,982,311,0.01211,-1786,1786,1,NO
621,434,312,0.02325,-416,416,1,NO
622,599,312,0.04223,-415,415,1,NO
623,1431,314,9E-05,0,0,1,NO
624,352,315,0.01728,-471,471,1,NO
625,1409,315,0.03643,-379,379,1,NO
626,645,316,0.01446,-376,376,1,NO
627,1342,316,0.03083,-376,376,1,NO
628,691,317,0.02878,-370,370,1,NO
629,827,317,0.0176,-354,354,1,NO
630,1386,318,0.01476,0,0,1,NO
631,1011,319,0.04385,-391,391,1,NO
632,1171,319,0.02023,-391,391,1,NO
633,1025,320,0.00075,-426,426,1,NO
634,354,322,0.01807,-311,311,1,NO
635,810,322,0.01553,-253,253,1,NO
636,924,322,0.00154,-420,420,1,NO
637,605,323,0.00642,-455,455,1,NO
638,742,323,0.02145,-255,255,1,NO
639,687,324,0.00047,-278,278,1,NO
640,834,324,0.00077,-311,311,1,NO
641,1433,325,0.0001,-471,471,1,NO
642,1432,326,0.0001,-540,540,1,NO
643,1086,327,0.03722,-575,575,1,NO
644,1275,328,0.02949,-575,575,1,NO
645,1086,328,0.03636,-575,575,1,NO
646,418,329,0.01416,-432,432,1,NO
647,544,329,0.00984,-432,432,1,NO
648,426,330,0.03708,-535,535,1,NO
649,1181,330,0.0032,-471,471,1,NO
650,1434,330,0.00567,-558,558,1,NO
651,426,330,0.03654,-558,558,1,NO
652,426,330,0.03654,-558,558,1,NO
653,992,335,0.02649,0,0,1,NO
654,1136,335,0.00352,0,0,1,NO
655,1513,335,0.02825,0,0,1,NO
656,971,335,0.00721,-270,270,1,NO
657,477,336,0.00057,-259,259,1,NO
658,875,338,0.00073,-420,420,1,NO
659,938,338,0.00235,-288,288,1,NO
660,1464,338,0.00565,-656,656,1,NO
661,875,338,0.00062,-420,420,1,NO
662,938,338,0.00237,-288,288,1,NO
663,1463,338,0.00567,-935,935,1,NO
664,875,338,0.00211,-426,426,1,NO
665,1451,338,0.00205,-935,935,1,NO
666,1452,338,0.00204,-935,935,1,NO
667,964,339,0.01771,-455,455,1,NO
668,1438,340,0.01288,-296,296,1,NO
669,546,339,0.03119,-296,296,1,NO
670,548,341,0.00808,-2487,2487,1,NO
671,865,341,0.01457,-1746,1746,1,NO
672,596,342,0.01936,-471,471,1,NO
673,973,342,0.02451,-383,383,1,NO
674,1012,342,0.10226,-558,558,1,NO
675,1205,342,0.02797,-357,357,1,NO
676,1497,342,0.00729,-487,487,1,NO
677,333,342,0.00089,-935,935,1,NO
678,973,342,0.019,-558,558,1,NO
679,1470,342,0.00678,-558,558,1,NO
680,331,342,0.00083,-935,935,1,NO
681,332,342,0.00065,-935,935,1,NO
682,427,343,0.03152,-1579,1579,1,NO
683,725,343,0.01177,-1579,1579,1,NO
684,427,343,0.03172,-1579,1579,1,NO
685,726,343,0.01173,-1579,1579,1,NO
686,769,343,0.04996,-1579,1579,1,NO
687,334,343,0.00025,-921,921,1,NO
688,345,344,0.00472,-354,354,1,NO
689,822,344,0.0049,-408,408,1,NO
690,811,345,0.01235,-405,405,1,NO
691,358,346,0.03135,-434,434,1,NO
692,1341,346,0.02358,-416,416,1,NO
693,465,347,0.01039,-482,482,1,NO
694,536,347,0.00509,-361,361,1,NO
695,881,347,0.01298,-454,454,1,NO
696,536,347,0.00498,-353,353,1,NO
697,881,347,0.01302,-454,454,1,NO
698,1436,348,0.00069,-274,274,1,NO
699,842,349,0.02015,-561,561,1,NO
700,1220,349,0.02884,-562,562,1,NO
701,376,350,0.00051,-1382,1382,1,NO
702,991,350,0.01909,-1611,1611,1,NO
703,1250,350,0.01509,-1611,1611,1,NO
704,1297,350,0.00934,-1611,1611,1,NO
705,375,350,0.00051,-1382,1382,1,NO
706,991,350,0.01895,-1611,1611,1,NO
707,1297,350,0.00954,-1611,1611,1,NO
708,377,350,0.00055,-1382,1382,1,NO
709,1297,350,0.00954,-1611,1611,1,NO
710,378,350,0.00055,-1382,1382,1,NO
711,1437,351,0.00602,-502,502,1,NO
712,471,354,0.00668,-488,488,1,NO
713,589,353,0.06424,-375,375,1,NO
714,810,354,0.02335,-502,502,1,NO
715,924,355,0.0078,-287,287,1,NO
716,1113,353,0.00259,-261,261,1,NO
717,1143,353,0.0158,-287,287,1,NO
718,1160,354,0.01636,-502,502,1,NO
719,1237,354,0.07866,-375,375,1,NO
720,1513,354,0.00156,0,0,1,NO
721,471,353,0.00666,-464,464,1,NO
722,971,353,0.0225,-333,333,1,NO
723,1143,355,0.0002,0,0,1,NO
724,1321,356,0.00644,-1842,1842,1,NO
725,1321,356,0.00643,-1842,1842,1,NO
726,517,357,0.01923,-410,410,1,NO
727,546,357,0.07155,0,0,1,NO
728,916,357,0.05347,0,0,1,NO
729,979,358,0.03773,-411,411,1,NO
730,1247,358,0.00638,-399,399,1,NO
731,1481,358,0.02564,-333,333,1,NO
732,644,359,0.17144,0,0,1,NO
733,594,360,0.01876,-575,575,1,NO
734,705,360,0.0031,-575,575,1,NO
735,1401,360,0.01154,-566,566,1,NO
736,1401,360,0.0115,-368,368,1,NO
737,523,362,0.06738,-413,413,1,NO
738,1083,362,0.02448,-413,413,1,NO
739,1415,362,0.04551,-302,302,1,NO
740,1483,362,0.04575,-337,337,1,NO
741,1501,362,0.0531,-331,331,1,NO
742,873,363,0.00628,-1397,1397,1,NO
743,1060,363,0.01927,-1711,1711,1,NO
744,1343,363,0.02928,-1307,1307,1,NO
745,561,365,0.0016,-434,434,1,NO
746,1109,365,0.00111,-268,268,1,NO
747,1270,364,0.00095,-268,268,1,NO
748,548,366,0.01118,-1974,1974,1,NO
749,612,366,0.01272,-2200,2200,1,NO
750,1223,366,0.00447,-2200,2200,1,NO
751,548,367,0.01119,-1842,1842,1,NO
752,1224,367,0.00447,-2200,2200,1,NO
753,504,368,0.0002,0,0,1,NO
754,1253,369,0.00063,-370,370,1,NO
755,647,371,0.0052,-545,545,1,NO
756,1007,371,0.00369,-435,435,1,NO
757,1093,371,0.00101,0,0,1,NO
758,1336,371,0.0083,-432,432,1,NO
759,1401,371,0.01697,-566,566,1,NO
760,647,371,0.00494,-471,471,1,NO
761,1007,371,0.00364,-566,566,1,NO
762,1092,371,0.00101,0,0,1,NO
763,520,372,0.00119,0,0,1,NO
764,562,373,0.00057,-329,329,1,NO
765,734,374,0.00417,-440,440,1,NO
766,1438,379,0.0002,-354,354,1,NO
767,390,380,0.00124,0,0,1,NO
768,459,380,0.0604,0,0,1,NO
769,1089,380,0.06373,0,0,1,NO
770,1467,381,0.00823,-525,525,1,NO
771,586,382,0.02706,-438,438,1,NO
772,840,382,0.00689,-865,865,1,NO
773,849,382,0.03062,-455,455,1,NO
774,1299,382,0.05154,-502,502,1,NO
775,435,383,0.03413,-2280,2280,1,NO
776,946,383,0.03366,-1559,1559,1,NO
777,1126,383,0.01317,-1727,1727,1,NO
778,435,383,0.03413,-2280,2280,1,NO
779,841,383,0.0027,-1579,1579,1,NO
780,1126,383,0.01326,-1727,1727,1,NO
781,1338,384,0.01843,-540,540,1,NO
782,589,385,0.01266,-374,374,1,NO
783,1419,385,0.00402,-503,503,1,NO
784,591,386,0.00842,-433,433,1,NO
785,1174,388,0.00138,0,0,1,NO
786,411,391,0.03919,-448,448,1,NO
787,1448,391,0.02548,-356,356,1,NO
788,1039,392,0.02102,-528,528,1,NO
789,1059,392,0.03071,-524,524,1,NO
790,1070,394,0.00136,0,0,1,NO
791,1070,393,0.00132,0,0,1,NO
792,510,395,0.00102,0,0,1,NO
793,1141,396,0.00254,-409,409,1,NO
794,1325,397,0.00431,-566,566,1,NO
795,947,398,0.00842,-388,388,1,NO
796,1146,398,0.01424,-440,440,1,NO
797,1376,400,0.008,-274,274,1,NO
798,1409,402,0.00407,-379,379,1,NO
799,1503,402,0.01369,-541,541,1,NO
800,561,403,0.00073,0,0,1,NO
801,406,404,0.0001,0,0,1,NO
802,713,405,0.00591,-461,461,1,NO
803,831,405,0.00902,-461,461,1,NO
804,682,406,0.03089,-413,413,1,NO
805,1385,406,0.02538,-540,540,1,NO
806,1341,407,0.02441,-337,337,1,NO
807,1481,407,0.01037,-333,333,1,NO
808,1342,407,0.02639,-413,413,1,NO
809,734,408,0.02412,-384,384,1,NO
810,1291,408,0.01754,-384,384,1,NO
811,734,408,0.02457,-384,384,1,NO
812,272,409,0.00825,-375,375,1,NO
813,1312,409,0.00065,-413,413,1,NO
814,1441,410,0.00697,-354,354,1,NO
815,609,411,0.02965,-348,348,1,NO
816,610,411,0.02963,-348,348,1,NO
817,1448,411,0.01254,-448,448,1,NO
818,539,412,0.00771,-2487,2487,1,NO
819,1331,412,0.01169,-1579,1579,1,NO
820,1408,412,0.02445,-1828,1828,1,NO
821,539,412,0.00771,-2389,2389,1,NO
822,1331,412,0.01169,-1579,1579,1,NO
823,1366,412,0.01553,-1828,1828,1,NO
824,888,413,0.02967,-540,540,1,NO
825,1338,413,0.03449,-540,540,1,NO
826,1299,414,0.03686,-329,329,1,NO
827,1333,414,0.04994,-265,265,1,NO
828,608,415,0.00217,-471,471,1,NO
829,497,416,0.01041,-541,541,1,NO
830,571,416,0.00166,-818,818,1,NO
831,1034,416,0.01256,-378,378,1,NO
832,1041,416,0.00166,-541,541,1,NO
833,497,416,0.00956,-541,541,1,NO
834,1041,416,0.00107,-541,541,1,NO
835,603,417,0.02942,0,0,1,NO
836,774,418,0.03637,-420,420,1,NO
837,1326,419,0.00138,-313,313,1,NO
838,1396,420,0.00602,-522,522,1,NO
839,755,423,0.01643,-319,319,1,NO
840,648,424,0.00099,-1363,1363,1,NO
841,1282,424,0.00119,-1363,1363,1,NO
842,1289,424,0.00099,-1363,1363,1,NO
843,1526,425,0.00644,-545,545,1,NO
844,902,426,0.05393,-427,427,1,NO
845,665,427,0.0098,-1579,1579,1,NO
846,944,427,0.02084,-1579,1579,1,NO
847,664,427,0.00979,-1579,1579,1,NO
848,1280,430,0.01938,-515,515,1,NO
849,1470,432,0.06854,-541,541,1,NO
850,1521,432,0.00691,-449,449,1,NO
851,695,433,0.01321,-2487,2487,1,NO
852,725,433,0.01032,-1828,1828,1,NO
853,813,433,0.018,-2487,2487,1,NO
854,1004,433,0.02539,-1579,1579,1,NO
855,1022,433,0.02658,-2389,2389,1,NO
856,695,433,0.01321,-2487,2487,1,NO
857,726,433,0.01032,-1828,1828,1,NO
858,1333,434,0.03467,-428,428,1,NO
859,564,435,0.0003,-2176,2176,1,NO
860,702,435,0.00911,-2487,2487,1,NO
861,565,435,0.00028,-2176,2176,1,NO
862,1330,435,0.01645,-2487,2487,1,NO
863,488,436,0.03384,-428,428,1,NO
864,1442,436,0.03008,-430,430,1,NO
865,1443,437,0.0002,-401,401,1,NO
866,704,438,0.00148,-348,348,1,NO
867,1325,438,0.00435,-566,566,1,NO
868,703,438,0.0015,-348,348,1,NO
869,506,440,0.04134,-535,535,1,NO
870,1275,440,0.0081,-575,575,1,NO
871,1275,440,0.0081,-575,575,1,NO
872,1444,441,0.00571,-431,431,1,NO
873,1036,442,0.0125,-482,482,1,NO
874,1079,442,0.00976,-482,482,1,NO
875,1239,444,0.00039,-1842,1842,1,NO
876,1239,443,0.00039,-1842,1842,1,NO
877,1239,445,0.00039,-1842,1842,1,NO
878,1239,446,0.00039,-1842,1842,1,NO
879,713,447,0.00389,-461,461,1,NO
880,713,447,0.00381,-461,461,1,NO
881,559,448,0.00571,-420,420,1,NO
882,1074,448,0.01664,-866,866,1,NO
883,1163,448,0.01744,-584,584,1,NO
884,559,448,0.00571,-420,420,1,NO
885,991,449,0.00349,-2250,2250,1,NO
886,748,450,0.02526,-575,575,1,NO
887,1167,450,0.02358,-364,364,1,NO
888,1049,451,0.00099,-1363,1363,1,NO
889,1296,451,0.00105,-1363,1363,1,NO
890,1284,451,0.00128,-1363,1363,1,NO
891,758,453,0.08101,0,0,1,NO
892,778,453,0.06222,-414,414,1,NO
893,837,453,0.04288,-348,348,1,NO
894,852,453,0.06811,-258,258,1,NO
895,902,453,0.0753,-330,330,1,NO
896,1199,453,0.03516,-379,379,1,NO
897,1306,453,0.07868,-293,293,1,NO
898,812,453,0.11082,-325,325,1,NO
899,759,454,0.02134,-1579,1579,1,NO
900,946,454,0.02053,-1579,1579,1,NO
901,1315,454,0.01384,-2487,2487,1,NO
902,1331,454,0.03175,-1579,1579,1,NO
903,1315,454,0.01383,-2487,2487,1,NO
904,798,456,0.02147,-524,524,1,NO
905,1128,456,0.00768,-471,471,1,NO
906,1177,455,0.01456,-381,381,1,NO
907,1332,455,0.00292,-500,500,1,NO
908,1407,456,0.00397,-530,530,1,NO
909,1128,456,0.00766,-493,493,1,NO
910,1445,457,0.00119,-575,575,1,NO
911,1446,458,0.00045,-262,262,1,NO
912,652,460,0.02609,-321,321,1,NO
913,1386,460,0.01199,-428,428,1,NO
914,1447,463,0.0001,-540,540,1,NO
915,560,464,0.00034,0,0,1,NO
916,881,465,0.01391,-422,422,1,NO
917,1448,466,0.0001,-272,272,1,NO
918,483,467,0.01213,-344,344,1,NO
919,776,467,0.02137,-432,432,1,NO
920,1317,467,0.00555,-565,565,1,NO
921,544,468,0.00067,0,0,1,NO
922,1522,469,0.03646,-492,492,1,NO
923,1465,470,0.02981,-300,300,1,NO
924,1474,471,0.01341,-488,488,1,NO
925,465,472,0.0334,-482,482,1,NO
926,487,472,0.01964,-369,369,1,NO
927,781,472,0.00822,-413,413,1,NO
928,921,472,0.01404,-454,454,1,NO
929,1025,472,0.00849,-278,278,1,NO
930,1036,472,0.01762,-482,482,1,NO
931,921,472,0.01398,-454,454,1,NO
932,1426,472,0.00223,-482,482,1,NO
933,1180,473,9E-05,0,0,1,NO
934,1180,474,9E-05,0,0,1,NO
935,1179,475,9E-05,0,0,1,NO
936,1179,476,9E-05,0,0,1,NO
937,482,480,0.0002,0,0,1,NO
938,482,479,0.0002,0,0,1,NO
939,482,481,0.0002,0,0,1,NO
940,482,478,0.0002,0,0,1,NO
941,893,482,0.00107,-268,268,1,NO
942,1269,482,0.00271,-409,409,1,NO
943,893,482,0.00182,-430,430,1,NO
944,996,482,0.01474,-409,409,1,NO
945,1450,482,0.00782,-454,454,1,NO
946,1449,482,0.00782,-409,409,1,NO
947,604,483,0.01379,-432,432,1,NO
948,1450,485,0.00111,0,0,1,NO
949,1449,484,0.00111,0,0,1,NO
950,574,486,0.03356,-558,558,1,NO
951,1240,488,0.03262,-416,416,1,NO
952,493,489,0.0015,-317,317,1,NO
953,493,490,0.00135,-317,317,1,NO
954,858,492,0.00013,-1737,1737,1,NO
955,858,491,0.00012,-1737,1737,1,NO
956,496,493,0.00119,-3507,3507,1,NO
957,909,493,0.01484,-388,388,1,NO
958,1383,493,0.00796,-337,337,1,NO
959,495,493,0.00119,-3507,3507,1,NO
960,494,493,0.00119,-3507,3507,1,NO
961,697,497,0.01355,-541,541,1,NO
962,949,497,0.01154,-584,584,1,NO
963,1070,497,0.0001,-695,695,1,NO
964,1077,497,0.008,-406,406,1,NO
965,1187,497,0.0275,-541,541,1,NO
966,949,497,0.01158,-355,355,1,NO
967,1070,497,0.00012,-695,695,1,NO
968,655,498,0.00788,0,0,1,NO
969,788,499,0.00438,-1994,1994,1,NO
970,788,502,0.00438,-1994,1994,1,NO
971,788,500,0.00438,-997,997,1,NO
972,788,501,0.00439,-1592,1592,1,NO
973,1401,503,0.00024,-545,545,1,NO
974,738,504,0.00071,-331,331,1,NO
975,1081,504,0.00126,-287,287,1,NO
976,840,505,0.07265,-509,509,1,NO
977,849,505,0.05227,0,0,1,NO
978,887,505,0.07348,-279,279,1,NO
979,1120,505,0.07237,-329,329,1,NO
980,1460,505,0.05614,-471,471,1,NO
981,694,506,0.0447,-304,304,1,NO
982,1264,506,0.0366,-362,362,1,NO
983,1423,506,0.03518,-394,394,1,NO
984,1388,507,0.03362,-409,409,1,NO
985,840,508,0.01948,-444,444,1,NO
986,941,508,0.01798,-416,416,1,NO
987,840,508,0.01953,-444,444,1,NO
988,1221,509,0.02054,-422,422,1,NO
989,978,511,0.00082,0,0,1,NO
990,978,510,0.00085,-452,452,1,NO
991,512,1303,0.0003,-272,272,1,NO
992,1071,513,0.0399,-344,344,1,NO
993,1418,513,0.0061,-428,428,1,NO
994,908,514,0.02185,-386,386,1,NO
995,1241,515,0.01979,-440,440,1,NO
996,1241,515,0.01973,-440,440,1,NO
997,615,516,0.00221,-322,322,1,NO
998,615,516,0.00219,-322,322,1,NO
999,548,518,0.02553,-1253,1253,1,NO
1000,747,518,0.01566,-1579,1579,1,NO
1001,1278,519,0.01821,-420,420,1,NO
1002,1278,519,0.01821,-420,420,1,NO
1003,1474,520,0.00255,-473,473,1,NO
1004,1487,520,0.01168,-473,473,1,NO
1005,1451,522,0.0002,-471,471,1,NO
1006,1452,521,0.0002,-471,471,1,NO
1007,1447,523,0.01973,-413,413,1,NO
1008,1035,524,0.00014,0,0,1,NO
1009,1453,526,0.0002,-471,471,1,NO
1010,1454,525,0.0002,0,0,1,NO
1011,740,527,0.00081,-428,428,1,NO
1012,532,528,0.00119,-3507,3507,1,NO
1013,532,529,0.00119,-3507,3507,1,NO
1014,532,530,0.00119,-3507,3507,1,NO
1015,532,531,0.00119,-3507,3507,1,NO
1016,1144,532,0.02541,-507,507,1,NO
1017,803,533,0.0321,-423,423,1,NO
1018,993,533,0.01908,-423,423,1,NO
1019,1114,533,0.00403,-502,502,1,NO
1020,1437,533,0.01088,-423,423,1,NO
1021,1220,534,0.06368,0,0,1,NO
1022,1353,534,0.04896,0,0,1,NO
1023,1196,535,0.00911,-440,440,1,NO
1024,1456,535,0.07808,-276,276,1,NO
1025,640,536,0.00441,-312,312,1,NO
1026,658,537,0.00047,0,0,1,NO
1027,1446,538,0.013,-305,305,1,NO
1028,543,539,0.01585,-2389,2389,1,NO
1029,1239,539,0.00817,-2487,2487,1,NO
1030,543,539,0.01585,-2389,2389,1,NO
1031,1239,539,0.00817,-2487,2487,1,NO
1032,714,541,0.01095,-420,420,1,NO
1033,826,541,0.01941,-413,413,1,NO
1034,1221,541,0.04362,-537,537,1,NO
1035,826,541,0.01913,-537,537,1,NO
1036,1102,542,0.04041,-1695,1695,1,NO
1037,1242,542,0.02051,-2362,2362,1,NO
1038,1330,542,0.02057,-1579,1579,1,NO
1039,651,542,0.01246,-1579,1579,1,NO
1040,1242,542,0.01993,-2362,2362,1,NO
1041,1197,543,0.01291,-2487,2487,1,NO
1042,940,544,0.05126,-424,424,1,NO
1043,1325,544,0.01229,-424,424,1,NO
1044,1325,544,0.01798,-383,383,1,NO
1045,653,547,0.01857,-384,384,1,NO
1046,1153,546,0.01679,-250,250,1,NO
1047,1388,547,0.03113,-435,435,1,NO
1048,1438,546,0.01815,-296,296,1,NO
1049,1343,548,0.03647,-1750,1750,1,NO
1050,1343,548,0.03647,-2197,2197,1,NO
1051,1343,548,0.0392,-1192,1192,1,NO
1052,555,554,0.00119,-3507,3507,1,NO
1053,555,552,0.00119,-3507,3507,1,NO
1054,555,551,0.00119,-3507,3507,1,NO
1055,555,549,0.00119,-3507,3507,1,NO
1056,555,550,0.00119,-3507,3507,1,NO
1057,555,553,0.00119,-3507,3507,1,NO
1058,1062,555,0.0113,-507,507,1,NO
1059,1230,555,0.01804,-408,408,1,NO
1060,1456,557,0.00014,-509,509,1,NO
1061,1457,557,0.00265,-541,541,1,NO
1062,701,558,0.02167,-502,502,1,NO
1063,701,558,0.02177,-502,502,1,NO
1064,737,559,0.01102,0,0,1,NO
1065,803,559,0.0159,-333,333,1,NO
1066,912,559,0.01584,-311,311,1,NO
1067,805,559,0.01308,-448,448,1,NO
1068,1163,559,0.02704,-305,305,1,NO
1069,1270,560,0.00032,0,0,1,NO
1070,1101,562,0.0387,-309,309,1,NO
1071,1220,562,0.06191,0,0,1,NO
1072,1333,562,0.07921,-336,336,1,NO
1073,1458,563,0.00194,-507,507,1,NO
1074,1475,566,0.00575,0,0,1,NO
1075,998,567,0.00225,-540,540,1,NO
1076,1220,568,0.053,-384,384,1,NO
1077,1329,568,0.05709,-336,336,1,NO
1078,996,569,0.01452,-380,380,1,NO
1079,685,570,0.06568,0,0,1,NO
1080,735,570,0.03018,0,0,1,NO
1081,631,572,0.00495,0,0,1,NO
1082,752,572,0.03872,-333,333,1,NO
1083,755,572,0.01475,-388,388,1,NO
1084,1040,572,0.0165,-507,507,1,NO
1085,1139,572,0.01908,-333,333,1,NO
1086,1170,572,0.01171,-457,457,1,NO
1087,1230,572,0.00953,-507,507,1,NO
1088,959,573,0.04002,-256,256,1,NO
1089,1473,573,0.00564,-265,265,1,NO
1090,886,574,0.02037,-471,471,1,NO
1091,1200,574,0.00524,-471,471,1,NO
1092,1460,574,0.02434,-558,558,1,NO
1093,1201,574,0.00849,-545,545,1,NO
1094,665,575,0.01684,-1579,1579,1,NO
1095,962,575,0.01356,-2368,2368,1,NO
1096,1315,575,0.01885,-2389,2389,1,NO
1097,664,575,0.01684,-1579,1579,1,NO
1098,961,575,0.01356,-2368,2368,1,NO
1099,1315,575,0.01885,-2389,2389,1,NO
1100,1398,580,0.0016,-1382,1382,1,NO
1101,1398,581,0.0016,-1382,1382,1,NO
1102,1398,579,0.0016,-1382,1382,1,NO
1103,1398,577,0.0016,-1382,1382,1,NO
1104,1398,578,0.00161,-1382,1382,1,NO
1105,1398,576,0.00162,-1382,1382,1,NO
1106,805,582,0.00695,-378,378,1,NO
1107,599,586,0.03453,-416,416,1,NO
1108,1433,587,0.00589,-272,272,1,NO
1109,1432,588,0.00591,-314,314,1,NO
1110,1237,589,0.01329,-473,473,1,NO
1111,598,591,0.04326,-428,428,1,NO
1112,736,591,0.03782,-314,314,1,NO
1113,1440,591,0.00836,-433,433,1,NO
1114,1223,592,0.02721,-1662,1662,1,NO
1115,1343,592,0.01979,-1659,1659,1,NO
1116,650,594,0.00182,-431,431,1,NO
1117,1531,593,0.01464,-440,440,1,NO
1118,593,421,0.0002,0,0,1,NO
1119,715,595,0.02276,-492,492,1,NO
1120,1384,595,0.02754,-492,492,1,NO
1121,1211,596,0.0082,-383,383,1,NO
1122,1497,596,0.0125,-558,558,1,NO
1123,727,598,0.01888,-402,402,1,NO
1124,559,600,0.00038,-433,433,1,NO
1125,559,601,0.0004,-350,350,1,NO
1126,559,602,0.00045,-350,350,1,NO
1127,774,604,0.00332,-566,566,1,NO
1128,1317,604,0.01624,-418,418,1,NO
1129,1527,604,0.013,-255,255,1,NO
1130,635,604,0.0061,-432,432,1,NO
1131,774,604,0.0035,-566,566,1,NO
1132,774,604,0.00488,-432,432,1,NO
1133,1397,607,0.00332,-935,935,1,NO
1134,1396,606,0.00336,-853,853,1,NO
1135,1085,608,0.0189,-575,575,1,NO
1136,1217,608,0.00729,-545,545,1,NO
1137,1322,608,0.02063,-575,575,1,NO
1138,1217,608,0.00729,-471,471,1,NO
1139,1323,608,0.02011,-575,575,1,NO
1140,1322,608,0.02017,-463,463,1,NO
1141,1487,611,0.01044,-455,455,1,NO
1142,1323,613,0.00755,-405,405,1,NO
1143,596,614,0.00134,-654,654,1,NO
1144,634,615,0.01506,-575,575,1,NO
1145,1023,615,0.01462,-492,492,1,NO
1146,1095,615,0.00251,-575,575,1,NO
1147,1397,615,0.01165,-487,487,1,NO
1148,1403,615,0.00478,-431,431,1,NO
1149,1444,615,0.01124,-431,431,1,NO
1150,1396,615,0.01164,-487,487,1,NO
1151,1404,615,0.00415,-348,348,1,NO
1152,1396,615,0.01122,-575,575,1,NO
1153,738,618,0.0007,0,0,1,NO
1154,658,621,0.00059,0,0,1,NO
1155,790,621,0.0013,-385,385,1,NO
1156,834,621,0.00024,-434,434,1,NO
1157,1111,621,0.00267,-426,426,1,NO
1158,657,621,0.00066,0,0,1,NO
1159,1112,621,0.00166,-350,350,1,NO
1160,625,622,0.0002,-420,420,1,NO
1161,1014,622,0.00227,-935,935,1,NO
1162,1014,622,0.00245,-935,935,1,NO
1163,624,622,0.0002,-870,870,1,NO
1164,626,623,0.0001,-895,895,1,NO
1165,1087,623,0.0114,-1579,1579,1,NO
1166,1087,623,0.01238,-1579,1579,1,NO
1167,867,627,0.0037,0,0,1,NO
1168,1462,627,0.00356,-566,566,1,NO
1169,866,627,0.00344,0,0,1,NO
1170,1464,628,0.00215,-440,440,1,NO
1171,1463,629,0.00215,-440,440,1,NO
1172,720,630,0.00024,-483,483,1,NO
1173,693,632,0.00864,-1828,1828,1,NO
1174,1378,632,0.01303,-1579,1579,1,NO
1175,1465,633,0.0002,-393,393,1,NO
1176,721,634,0.01029,-413,413,1,NO
1177,1105,634,0.00122,-545,545,1,NO
1178,1397,634,0.01661,-545,545,1,NO
1179,1531,634,0.01282,-440,440,1,NO
1180,721,634,0.01025,-575,575,1,NO
1181,1511,634,0.00111,-440,440,1,NO
1182,1317,635,0.01357,-389,389,1,NO
1183,1488,637,0.00545,-346,346,1,NO
1184,716,638,0.02472,-1617,1617,1,NO
1185,873,638,0.03429,-1828,1828,1,NO
1186,894,638,0.00247,-1487,1487,1,NO
1187,1351,638,0.0062,-1731,1731,1,NO
1188,874,638,0.03429,-1828,1828,1,NO
1189,764,639,0.03893,-268,268,1,NO
1190,801,639,0.00514,0,0,1,NO
1191,999,641,0.02011,-381,381,1,NO
1192,1477,641,0.00354,-524,524,1,NO
1193,1322,643,0.00431,0,0,1,NO
1194,1323,642,0.00431,0,0,1,NO
1195,1499,644,0.01267,0,0,1,NO
1196,727,645,0.01284,-433,433,1,NO
1197,1440,645,0.01543,-433,433,1,NO
1198,1466,646,0.00156,-507,507,1,NO
1199,620,647,0.00385,-320,320,1,NO
1200,627,647,0.00312,-545,545,1,NO
1201,1400,647,0.01102,-265,265,1,NO
1202,619,647,0.00233,-409,409,1,NO
1203,627,647,0.0031,-566,566,1,NO
1204,1399,647,0.01106,-265,265,1,NO
1205,900,649,0.00099,-1363,1363,1,NO
1206,1293,649,0.00113,-1363,1363,1,NO
1207,1292,648,0.00105,-1363,1363,1,NO
1208,1330,651,0.00819,-1694,1694,1,NO
1209,711,652,0.01673,-469,469,1,NO
1210,782,652,9E-05,0,0,1,NO
1211,959,652,0.06056,-404,404,1,NO
1212,729,654,0.01472,-416,416,1,NO
1213,909,654,0.00883,-507,507,1,NO
1214,1074,655,0.00707,-384,384,1,NO
1215,1163,655,0.01314,-440,440,1,NO
1216,701,656,0.0566,-384,384,1,NO
1217,1458,659,0.00456,-507,507,1,NO
1218,1186,660,0.01634,-479,479,1,NO
1219,1467,660,0.02173,-325,325,1,NO
1220,1186,660,0.01715,-454,454,1,NO
1221,1250,661,0.00504,-1841,1841,1,NO
1222,794,662,0.01352,-270,270,1,NO
1223,1468,662,0.01302,0,0,1,NO
1224,731,666,0.07507,0,0,1,NO
1225,800,666,0.08591,0,0,1,NO
1226,673,669,0.00119,-3507,3507,1,NO
1227,673,670,0.00119,-3507,3507,1,NO
1228,673,667,0.00119,-3507,3507,1,NO
1229,673,668,0.00119,-3507,3507,1,NO
1230,673,672,0.00124,-3507,3507,1,NO
1231,673,671,0.00119,-3507,3507,1,NO
1232,909,673,0.01114,-293,293,1,NO
1233,1157,673,0.00314,-331,331,1,NO
1234,1291,674,0.0002,0,0,1,NO
1235,1291,675,0.0002,0,0,1,NO
1236,875,677,0.00015,0,0,1,NO
1237,875,676,0.00016,0,0,1,NO
1238,1473,678,0.00062,0,0,1,NO
1239,723,679,0.02037,-513,513,1,NO
1240,768,679,0.00261,-515,515,1,NO
1241,768,680,0.00292,-463,463,1,NO
1242,835,681,0.01584,-492,492,1,NO
1243,853,681,0.01855,-507,507,1,NO
1244,1225,681,0.0381,-507,507,1,NO
1245,1344,681,0.03425,-492,492,1,NO
1246,1466,681,0.01992,-388,388,1,NO
1247,1231,682,0.03607,-388,388,1,NO
1248,1480,682,0.00164,-524,524,1,NO
1249,1517,682,0.02392,-388,388,1,NO
1250,823,684,0.0048,-540,540,1,NO
1251,1472,683,0.0002,-471,471,1,NO
1252,1489,685,0.0368,0,0,1,NO
1253,958,686,0.05028,-346,346,1,NO
1254,1475,690,0.0002,-438,438,1,NO
1255,940,692,0.01324,-540,540,1,NO
1256,1094,692,0.00879,-471,471,1,NO
1257,1377,693,0.02151,-1579,1579,1,NO
1258,1032,694,0.05493,-409,409,1,NO
1259,1246,695,0.01494,-2487,2487,1,NO
1260,1246,695,0.01494,-2487,2487,1,NO
1261,1423,696,0.02747,-394,394,1,NO
1262,1434,696,0.04891,-535,535,1,NO
1263,949,697,0.00138,-935,935,1,NO
1264,987,697,0.00695,-541,541,1,NO
1265,1046,697,0.00028,0,0,1,NO
1266,1147,697,0.0227,-482,482,1,NO
1267,1045,697,0.00034,0,0,1,NO
1268,1044,697,0.0001,-541,541,1,NO
1269,701,698,0.0212,-376,376,1,NO
1270,1015,698,0.01489,-376,376,1,NO
1271,929,699,0.05493,0,0,1,NO
1272,764,700,0.01436,-420,420,1,NO
1273,1333,701,0.01805,-336,336,1,NO
1274,1333,701,0.02116,-331,331,1,NO
1275,1330,702,0.00734,-2487,2487,1,NO
1276,938,708,0.00029,0,0,1,NO
1277,938,706,0.00021,0,0,1,NO
1278,938,707,0.00023,0,0,1,NO
1279,717,709,0.00887,-440,440,1,NO
1280,1364,709,0.01521,-471,471,1,NO
1281,1476,710,0.00033,0,0,1,NO
1282,1103,711,0.0083,-483,483,1,NO
1283,1510,712,0.03444,0,0,1,NO
1284,1090,713,0.06688,-482,482,1,NO
1285,1305,713,0.00393,-383,383,1,NO
1286,1307,713,0.00976,-321,321,1,NO
1287,1221,714,0.02264,-541,541,1,NO
1288,1479,715,0.0128,-477,477,1,NO
1289,858,716,0.00641,-1708,1708,1,NO
1290,1478,717,0.00395,-440,440,1,NO
1291,790,718,0.0017,-300,300,1,NO
1292,1431,719,0.03276,0,0,1,NO
1293,1394,720,0.00176,-455,455,1,NO
1294,1530,720,0.00205,-379,379,1,NO
1295,1505,720,0.02998,-288,288,1,NO
1296,785,722,0.00233,-1708,1708,1,NO
1297,836,722,0.02057,-2487,2487,1,NO
1298,1519,722,0.00988,-1704,1704,1,NO
1299,775,722,0.02154,-2487,2487,1,NO
1300,785,722,0.00231,-1708,1708,1,NO
1301,836,722,0.02057,-2487,2487,1,NO
1302,775,722,0.0215,-2487,2487,1,NO
1303,768,723,0.02242,-471,471,1,NO
1304,784,728,0.01866,-388,388,1,NO
1305,807,728,0.00354,-330,330,1,NO
1306,1225,728,0.03479,-507,507,1,NO
1307,784,728,0.01762,-388,388,1,NO
1308,808,728,0.00458,-270,270,1,NO
1309,1157,729,0.01819,-434,434,1,NO
1310,1265,729,0.01165,-326,326,1,NO
1311,1157,729,0.01819,-434,434,1,NO
1312,1169,731,0.0131,0,0,1,NO
1313,1489,731,0.04436,0,0,1,NO
1314,1493,731,0.00889,0,0,1,NO
1315,1235,732,0.01051,-360,360,1,NO
1316,1340,732,0.03998,-362,362,1,NO
1317,970,733,0.00049,-424,424,1,NO
1318,1316,734,0.02703,-333,333,1,NO
1319,956,735,0.01643,0,0,1,NO
1320,1468,736,0.02096,-384,384,1,NO
1321,1481,739,0.00044,-434,434,1,NO
1322,877,740,0.00122,-385,385,1,NO
1323,1082,740,0.00079,-428,428,1,NO
1324,1348,740,0.00089,-404,404,1,NO
1325,947,741,0.00697,-500,500,1,NO
1326,926,742,0.02912,-262,262,1,NO
1327,1103,743,0.0046,-484,484,1,NO
1328,1103,743,0.00463,-484,484,1,NO
1329,1097,744,0.00869,0,0,1,NO
1330,916,746,0.04362,-304,304,1,NO
1331,972,746,0.06922,0,0,1,NO
1332,975,746,0.0626,-325,325,1,NO
1333,916,746,0.04273,-314,314,1,NO
1334,1158,747,0.01703,-1579,1579,1,NO
1335,1301,748,0.00061,0,0,1,NO
1336,1300,748,0.00055,0,0,1,NO
1337,1302,748,0.00055,0,0,1,NO
1338,1182,750,0.03352,-418,418,1,NO
1339,1219,751,0.00753,-270,270,1,NO
1340,863,752,0.00119,-3507,3507,1,NO
1341,1139,752,0.01969,-333,333,1,NO
1342,1384,752,0.01509,-388,388,1,NO
1343,861,752,0.00119,-3507,3507,1,NO
1344,1384,752,0.01509,-388,388,1,NO
1345,862,752,0.00119,-3507,3507,1,NO
1346,812,753,0.00059,-321,321,1,NO
1347,959,754,0.03212,0,0,1,NO
1348,1101,754,0.03958,-252,252,1,NO
1349,815,755,0.01058,-510,510,1,NO
1350,1040,755,0.0148,-507,507,1,NO
1351,814,755,0.01064,-477,477,1,NO
1352,1040,755,0.01473,-507,507,1,NO
1353,1140,756,0.00602,-2487,2487,1,NO
1354,1345,756,0.02517,-2487,2487,1,NO
1355,837,758,0.05531,0,0,1,NO
1356,1320,758,0.04261,-276,276,1,NO
1357,1239,759,0.02033,-1408,1408,1,NO
1358,1239,759,0.0214,-1391,1391,1,NO
1359,1482,760,0.00091,-325,325,1,NO
1360,1483,761,0.00733,-440,440,1,NO
1361,1469,762,0.2426,0,0,1,NO
1362,1495,762,0.13933,0,0,1,NO
1363,929,762,0.21996,0,0,1,NO
1364,958,764,0.06742,-298,298,1,NO
1365,1171,768,0.04138,-391,391,1,NO
1366,1526,768,0.00161,-471,471,1,NO
1367,941,771,0.0248,-438,438,1,NO
1368,1416,771,0.00589,-440,440,1,NO
1369,1364,773,0.00425,-540,540,1,NO
1370,1484,772,0.00047,-471,471,1,NO
1371,936,774,0.0204,-432,432,1,NO
1372,1013,774,0.03538,-430,430,1,NO
1373,1013,776,0.00555,-424,424,1,NO
1374,1337,777,0.0388,-309,309,1,NO
1375,989,778,0.0291,-335,335,1,NO
1376,1206,779,0.00101,-545,545,1,NO
1377,1206,780,0.00107,-545,545,1,NO
1378,1025,781,0.00113,0,0,1,NO
1379,1417,783,0.00381,-432,432,1,NO
1380,1055,785,0.00055,-908,908,1,NO
1381,1056,785,0.00055,-908,908,1,NO
1382,1057,785,0.00055,-908,908,1,NO
1383,1058,785,0.00057,-908,908,1,NO
1384,1485,786,0.0001,-502,502,1,NO
1385,1486,787,0.00124,-461,461,1,NO
1386,1246,788,0.00656,-2487,2487,1,NO
1387,1271,788,0.00302,-1971,1971,1,NO
1388,1246,788,0.00664,-2487,2487,1,NO
1389,1271,788,0.00301,-1971,1971,1,NO
1390,1246,788,0.00656,-2487,2487,1,NO
1391,1246,788,0.00656,-2487,2487,1,NO
1392,857,789,0.00128,-385,385,1,NO
1393,978,789,0.00152,-385,385,1,NO
1394,1487,791,0.0001,0,0,1,NO
1395,1488,792,0.00065,-346,346,1,NO
1396,1161,793,0.02038,-558,558,1,NO
1397,1168,793,0.03455,-558,558,1,NO
1398,804,795,0.00882,-411,411,1,NO
1399,955,798,0.00484,-388,388,1,NO
1400,1332,798,0.01869,-500,500,1,NO
1401,1492,798,0.01217,-540,540,1,NO
1402,892,798,0.01888,-540,540,1,NO
1403,955,798,0.00514,-388,388,1,NO
1404,1507,798,0.02086,-540,540,1,NO
1405,955,798,0.00482,-381,381,1,NO
1406,951,799,0.00097,-1579,1579,1,NO
1407,1267,799,0.0149,0,0,1,NO
1408,1408,799,0.00364,-1579,1579,1,NO
1409,953,799,0.00097,-1579,1579,1,NO
1410,1268,799,0.01478,0,0,1,NO
1411,1366,799,0.01267,-1579,1579,1,NO
1412,952,799,0.00098,-1579,1579,1,NO
1413,954,799,0.00103,-1579,1579,1,NO
1414,988,800,0.01876,0,0,1,NO
1415,1298,802,0.00578,0,0,1,NO
1416,810,805,0.05438,-294,294,1,NO
1417,830,805,0.00838,-866,866,1,NO
1418,993,805,0.01644,-423,423,1,NO
1419,1222,803,0.02813,0,0,1,NO
1420,1326,804,0.00595,-433,433,1,NO
1421,1461,803,0.00435,-440,440,1,NO
1422,829,803,0.00851,-866,866,1,NO
1423,1326,803,0.00559,-494,494,1,NO
1424,827,809,0.03872,-296,296,1,NO
1425,996,809,0.00881,-358,358,1,NO
1426,1101,812,0.0674,-319,319,1,NO
1427,1199,812,0.08887,-301,301,1,NO
1428,1214,812,0.00076,-321,321,1,NO
1429,1022,813,0.00854,-2487,2487,1,NO
1430,1489,816,0.00081,0,0,1,NO
1431,823,818,0.0002,-303,303,1,NO
1432,822,817,0.0002,-303,303,1,NO
1433,1142,822,0.01975,-354,354,1,NO
1434,1166,822,0.003,-300,300,1,NO
1435,1393,821,0.01373,-354,354,1,NO
1436,1494,823,0.00336,-935,935,1,NO
1437,1142,821,0.0002,-446,446,1,NO
1438,1166,822,0.0031,-300,300,1,NO
1439,1472,822,0.006,-362,362,1,NO
1440,1378,825,0.00275,-2487,2487,1,NO
1441,1430,824,0.011,-1774,1774,1,NO
1442,1377,824,0.0027,-2487,2487,1,NO
1443,1088,828,0.00269,-490,490,1,NO
1444,912,830,0.00235,-376,376,1,NO
1445,937,830,0.00133,-317,317,1,NO
1446,1002,831,0.0083,-420,420,1,NO
1447,1245,832,0.00324,-293,293,1,NO
1448,1008,833,0.00844,-369,369,1,NO
1449,1258,833,0.01325,-369,369,1,NO
1450,1365,834,0.01092,-401,401,1,NO
1451,1365,834,0.01084,-401,401,1,NO
1452,1345,836,0.01123,-2487,2487,1,NO
1453,1346,836,0.01123,-2487,2487,1,NO
1454,1126,841,0.01218,-1579,1579,1,NO
1455,1221,842,0.02642,-584,584,1,NO
1456,1325,843,0.00383,-566,566,1,NO
1457,1414,843,0.02522,-549,549,1,NO
1458,848,846,0.00013,-1092,1092,1,NO
1460,847,846,0.00013,-1053,1053,1,NO
1461,1490,850,0.0002,-290,290,1,NO
1462,1491,851,0.0002,-290,290,1,NO
1463,856,852,0.0139,-307,307,1,NO
1464,1204,853,0.01223,0,0,1,NO
1465,942,854,0.00668,-420,420,1,NO
1466,1241,854,0.0082,-440,440,1,NO
1467,1500,854,0.00577,-436,436,1,NO
1468,1241,854,0.01586,-422,422,1,NO
1469,959,855,0.05293,-252,252,1,NO
1470,1140,858,0.01244,-1488,1488,1,NO
1471,1159,858,0.00748,-1579,1579,1,NO
1472,1351,858,0.02492,-1617,1617,1,NO
1473,1158,858,0.00741,-1579,1579,1,NO
1474,1492,859,0.00261,-540,540,1,NO
1475,1350,860,0.05467,-337,337,1,NO
1476,1447,860,0.01578,-413,413,1,NO
1477,880,864,0.10078,0,0,1,NO
1478,835,868,0.00815,-584,584,1,NO
1479,870,869,9E-05,0,0,1,NO
1480,1133,870,0.00393,-339,339,1,NO
1481,1376,870,0.0067,-354,354,1,NO
1482,949,871,9E-05,-655,655,1,NO
1483,950,872,0.00028,-2187,2187,1,NO
1484,1339,874,0.01857,-1579,1579,1,NO
1485,1343,874,0.03166,-1842,1842,1,NO
1486,1430,873,0.01731,-1828,1828,1,NO
1487,1343,873,0.03165,-1842,1842,1,NO
1488,978,875,0.00065,-475,475,1,NO
1489,1099,875,0.00144,-290,290,1,NO
1490,978,875,0.00142,-434,434,1,NO
1491,1098,875,0.00101,-290,290,1,NO
1492,1367,879,0.02272,0,0,1,NO
1493,904,880,0.07875,0,0,1,NO
1494,1334,881,9E-05,-286,286,1,NO
1495,1352,881,0.0219,-477,477,1,NO
1496,1037,882,0.01415,-1537,1537,1,NO
1497,1279,882,0.00954,-1633,1633,1,NO
1498,1037,882,0.01415,-1537,1537,1,NO
1499,1279,882,0.00954,-1633,1633,1,NO
1500,1213,883,0.00063,-268,268,1,NO
1501,1213,884,0.00073,0,0,1,NO
1502,1186,885,0.00093,-455,455,1,NO
1503,1395,887,0.04438,-357,357,1,NO
1504,1251,886,0.00099,-471,471,1,NO
1505,906,888,0.04604,-535,535,1,NO
1506,1081,889,0.00029,0,0,1,NO
1507,1082,890,0.00026,0,0,1,NO
1508,1493,891,0.00071,0,0,1,NO
1509,1492,892,0.00644,-540,540,1,NO
1510,945,896,0.00042,0,0,1,NO
1511,945,897,0.00042,0,0,1,NO
1512,945,895,0.00052,0,0,1,NO
1513,1283,900,0.00109,-1363,1363,1,NO
1514,1288,900,0.00105,-1363,1363,1,NO
1515,1162,901,0.04387,-384,384,1,NO
1516,1219,901,0.01856,-503,503,1,NO
1517,1485,901,0.00844,-360,360,1,NO
1518,981,903,0.00017,-455,455,1,NO
1519,1243,904,0.06539,0,0,1,NO
1520,1106,905,0.00026,0,0,1,NO
1521,1183,906,0.00393,-413,413,1,NO
1522,1338,906,0.01894,-540,540,1,NO
1523,1340,906,0.01916,-413,413,1,NO
1524,1184,906,0.00383,-413,413,1,NO
1525,1338,906,0.01726,-524,524,1,NO
1526,1213,907,0.00099,-280,280,1,NO
1527,1375,908,0.01136,-319,319,1,NO
1528,1494,908,0.00399,-428,428,1,NO
1529,1375,908,0.0079,-428,428,1,NO
1530,911,909,0.00119,-389,389,1,NO
1531,910,909,0.00119,-389,389,1,NO
1532,1203,913,0.00193,-265,265,1,NO
1533,1101,914,0.0397,-420,420,1,NO
1534,1523,914,0.03316,-440,440,1,NO
1535,1019,916,0.00194,0,0,1,NO
1536,1147,921,0.01254,-584,584,1,NO
1537,1219,921,0.03652,-369,369,1,NO
1538,1147,921,0.01209,-482,482,1,NO
1539,968,921,9E-05,0,0,1,NO
1540,967,921,9E-05,0,0,1,NO
1541,1021,922,0.02663,-405,405,1,NO
1542,1021,923,0.02663,-405,405,1,NO
1543,964,926,0.02032,-289,289,1,NO
1544,1259,927,0.01924,-430,430,1,NO
1545,1495,929,0.07559,0,0,1,NO
1546,1220,930,0.04444,-472,472,1,NO
1547,1206,931,0.01158,-440,440,1,NO
1548,1206,931,0.01158,-440,440,1,NO
1549,934,933,0.00034,-2487,2487,1,NO
1550,935,933,0.00032,-2487,2487,1,NO
1551,1154,936,0.02212,-320,320,1,NO
1552,1254,938,0.00075,-401,401,1,NO
1553,1094,940,0.00966,-312,312,1,NO
1554,1125,941,0.01646,-416,416,1,NO
1555,1125,941,0.01645,-416,416,1,NO
1556,1130,942,0.00142,-368,368,1,NO
1557,1371,944,0.00663,-1754,1754,1,NO
1558,1082,945,0.00461,-325,325,1,NO
1559,1413,945,0.00069,-397,397,1,NO
1560,1412,945,0.00071,-356,356,1,NO
1561,1453,945,0.00596,-272,272,1,NO
1562,1349,948,0.09523,0,0,1,NO
1563,1036,949,0.02046,-482,482,1,NO
1564,1036,949,0.02047,-482,482,1,NO
1565,974,955,0.01817,-381,381,1,NO
1566,1182,955,0.03836,-524,524,1,NO
1567,1220,957,0.00259,-584,584,1,NO
1568,1121,959,0.01191,-305,305,1,NO
1569,1151,963,0.01108,-507,507,1,NO
1570,1151,963,0.01132,-388,388,1,NO
1571,1134,965,0.00618,-540,540,1,NO
1572,1518,965,0.00148,-471,471,1,NO
1573,1528,966,0.00013,-2694,2694,1,NO
1574,1148,970,0.00074,-545,545,1,NO
1575,1336,970,0.00838,-385,385,1,NO
1576,1149,970,0.00071,-471,471,1,NO
1577,1189,971,0.00091,-264,264,1,NO
1578,1080,975,0.06033,-331,331,1,NO
1579,978,976,0.0002,-257,257,1,NO
1580,978,977,0.0002,-257,257,1,NO
1581,1388,979,0.03006,-385,385,1,NO
1582,1131,981,0.00786,-455,455,1,NO
1583,1233,982,0.00014,-855,855,1,NO
1584,1498,983,0.0001,-2487,2487,1,NO
1585,983,422,0.0001,-2487,2487,1,NO
1586,1499,984,0.00018,0,0,1,NO
1587,1478,985,0.00134,0,0,1,NO
1588,959,986,0.05779,0,0,1,NO
1589,1471,986,0.00454,0,0,1,NO
1590,1173,991,0.0001,-2487,2487,1,NO
1591,1172,991,0.0001,-2487,2487,1,NO
1592,1202,992,0.0033,-310,310,1,NO
1593,939,998,0.01728,0,0,1,NO
1594,1134,998,0.01124,-413,413,1,NO
1595,1141,997,0.01354,-408,408,1,NO
1596,1269,996,0.01221,-471,471,1,NO
1597,1391,996,0.00251,-540,540,1,NO
1598,1459,997,0.00231,-540,540,1,NO
1599,1476,999,0.02009,-381,381,1,NO
1600,1392,999,0.00253,-388,388,1,NO
1601,1420,998,0.01013,-408,408,1,NO
1602,1141,998,0.00948,-720,720,1,NO
1603,1450,996,0.00709,-471,471,1,NO
1604,1422,997,0.00742,-833,833,1,NO
1605,1449,996,0.00709,-471,471,1,NO
1606,932,1001,0.00758,-1486,1486,1,NO
1607,1135,1000,0.00326,-1774,1774,1,NO
1608,1260,1000,0.00629,-1774,1774,1,NO
1609,1261,1000,0.00616,-1579,1579,1,NO
1610,1260,1001,0.005,-2487,2487,1,NO
1611,1261,1001,0.005,-2487,2487,1,NO
1612,1377,1001,0.00605,-1579,1579,1,NO
1613,1084,1003,0.0436,-471,471,1,NO
1614,1280,1003,0.01102,-513,513,1,NO
1615,1435,1003,0.01875,-515,515,1,NO
1616,1280,1003,0.01104,-538,538,1,NO
1617,1035,1005,0.02481,-575,575,1,NO
1618,1085,1005,0.01979,-370,370,1,NO
1619,1119,1005,0.01766,-575,575,1,NO
1620,1323,1005,0.03326,-319,319,1,NO
1621,1097,1008,0.0157,-369,369,1,NO
1622,1248,1008,0.02171,-482,482,1,NO
1623,1170,1009,0.0001,-457,457,1,NO
1624,1230,1009,0.00288,-507,507,1,NO
1625,1122,1010,0.02037,-388,388,1,NO
1626,1179,1010,0.01248,-327,327,1,NO
1627,1171,1011,0.04988,-538,538,1,NO
1628,1262,1012,0.04211,-513,513,1,NO
1629,1035,1014,0.00413,-575,575,1,NO
1630,1116,1014,0.00685,-261,261,1,NO
1631,1119,1014,0.01162,-575,575,1,NO
1632,915,1015,0.0036,-300,300,1,NO
1633,1073,1015,0.04484,-331,331,1,NO
1634,1212,1015,0.00928,-366,366,1,NO
1635,1244,1015,0.06439,0,0,1,NO
1636,1329,1015,0.02318,-366,366,1,NO
1637,1329,1015,0.02489,-321,321,1,NO
1638,1500,1016,0.0001,-440,440,1,NO
1639,1501,1017,0.0002,-440,440,1,NO
1640,1502,1018,0.00036,-471,471,1,NO
1641,1504,1020,0.00504,0,0,1,NO
1642,1185,1021,0.03085,-541,541,1,NO
1643,1409,1021,0.01053,-379,379,1,NO
1644,1503,1021,0.00089,-541,541,1,NO
1645,1241,1024,0.00899,-405,405,1,NO
1646,1426,1025,0.00612,-296,296,1,NO
1647,1505,1030,0.00062,0,0,1,NO
1648,1445,1031,0.00762,-575,575,1,NO
1649,1028,1033,0.0002,0,0,1,NO
1650,1027,1033,0.0002,0,0,1,NO
1651,1252,1032,0.00099,-473,473,1,NO
1652,1026,1033,0.00022,0,0,1,NO
1653,1097,1034,0.02382,-482,482,1,NO
1654,1078,1035,0.00099,0,0,1,NO
1655,1147,1036,0.00547,-482,482,1,NO
1656,1147,1036,0.00506,-482,482,1,NO
1657,1250,1037,0.0192,-1633,1633,1,NO
1658,1250,1037,0.01913,-1633,1633,1,NO
1659,1439,1039,0.00982,-524,524,1,NO
1660,1319,1042,0.0015,-540,540,1,NO
1661,1261,1043,0.00524,-2487,2487,1,NO
1662,1260,1043,0.00524,-2487,2487,1,NO
1663,1309,1050,0.00105,-1363,1363,1,NO
1664,1294,1049,0.00113,-1363,1363,1,NO
1665,1290,1050,0.00113,-1363,1363,1,NO
1666,1141,1054,0.00067,0,0,1,NO
1667,1141,1053,0.00064,0,0,1,NO
1668,1304,1059,0.021,-540,540,1,NO
1669,1483,1059,0.0208,-337,337,1,NO
1670,1346,1060,0.02848,-1708,1708,1,NO
1671,1384,1061,0.00342,-331,331,1,NO
1672,1065,1062,0.00119,0,0,1,NO
1673,1063,1062,0.00119,0,0,1,NO
1674,1064,1062,0.00119,0,0,1,NO
1675,1507,1066,0.00549,-540,540,1,NO
1676,1166,1068,0.00142,-263,263,1,NO
1677,1166,1067,0.00142,0,0,1,NO
1678,1203,1069,0.00296,-350,350,1,NO
1679,1307,1072,0.0016,-506,506,1,NO
1680,1307,1072,0.00162,-506,506,1,NO
1681,1244,1073,0.02947,-301,301,1,NO
1682,1281,1074,0.02248,-305,305,1,NO
1683,1509,1076,0.00057,0,0,1,NO
1684,1508,1075,0.00044,0,0,1,NO
1685,1097,1079,0.01977,-482,482,1,NO
1686,1187,1079,0.0111,-482,482,1,NO
1687,1501,1080,0.02862,-331,331,1,NO
1688,1376,1081,0.01418,-325,325,1,NO
1689,1375,1082,0.01383,-325,325,1,NO
1690,1454,1081,0.01061,-292,292,1,NO
1691,1441,1083,0.0466,-354,354,1,NO
1692,1435,1084,0.02935,-578,578,1,NO
1693,1406,1085,0.02147,-418,418,1,NO
1694,1267,1087,0.00837,-1579,1579,1,NO
1695,1276,1087,0.01757,-2487,2487,1,NO
1696,1268,1087,0.00837,-1579,1579,1,NO
1697,1276,1087,0.01744,-2487,2487,1,NO
1698,1218,1089,0.06049,0,0,1,NO
1699,1520,1090,0.00379,-502,502,1,NO
1700,1151,1091,0.03417,-265,265,1,NO
1701,1510,1096,0.04004,0,0,1,NO
1702,1118,1097,0.00415,0,0,1,NO
1703,1198,1097,0.01863,-468,468,1,NO
1704,1467,1097,0.01708,-482,482,1,NO
1705,1138,1101,0.04006,-264,264,1,NO
1706,1436,1101,0.01106,-438,438,1,NO
1707,1473,1101,0.02272,-265,265,1,NO
1708,1516,1101,0.00077,-271,271,1,NO
1709,1512,1108,0.00154,-540,540,1,NO
1710,1365,1111,0.00918,-426,426,1,NO
1711,1365,1112,0.00865,-350,350,1,NO
1712,1344,1115,0.0116,-440,440,1,NO
1713,1406,1116,0.03945,-374,374,1,NO
1714,1514,1117,0.00435,-360,360,1,NO
1715,1299,1120,0.03788,-264,264,1,NO
1716,1281,1121,0.03128,-305,305,1,NO
1717,1515,1122,0.01547,-507,507,1,NO
1718,1516,1123,0.00514,-271,271,1,NO
1719,1516,1123,0.00514,-271,271,1,NO
1720,1151,1124,0.03155,-380,380,1,NO
1721,1341,1124,0.05065,-331,331,1,NO
1722,1416,1125,0.01209,-440,440,1,NO
1723,1517,1127,0.0004,-507,507,1,NO
1724,1335,1128,0.00194,-397,397,1,NO
1725,1147,1129,0.00136,-385,385,1,NO
1726,1241,1130,0.02442,-366,366,1,NO
1727,1530,1131,0.00928,-379,379,1,NO
1728,1376,1133,0.00915,-348,348,1,NO
1729,1459,1134,0.00899,-403,403,1,NO
1730,1518,1134,0.00454,-403,403,1,NO
1731,1378,1135,0.00274,-1579,1579,1,NO
1732,1518,1137,0.00049,0,0,1,NO
1733,1213,1141,0.00113,-297,297,1,NO
1734,1213,1141,0.00113,-297,297,1,NO
1735,1420,1141,0.00337,-408,408,1,NO
1736,1422,1141,0.00206,-789,789,1,NO
1737,1272,1151,0.01875,-507,507,1,NO
1738,1525,1151,0.01505,-388,388,1,NO
1739,1343,1152,0.02293,-1659,1659,1,NO
1740,1359,1152,0.0085,-1659,1659,1,NO
1741,1519,1155,0.0001,-1708,1708,1,NO
1742,1465,1157,0.01418,-331,331,1,NO
1743,1419,1162,0.02011,-473,473,1,NO
1744,1514,1162,0.01667,-473,473,1,NO
1745,1387,1163,0.0114,-502,502,1,NO
1746,1209,1166,0.00166,0,0,1,NO
1747,1526,1171,0.03867,-391,391,1,NO
1748,1312,1175,0.00124,0,0,1,NO
1749,1335,1177,0.00259,-321,321,1,NO
1750,1368,1176,0.00229,-368,368,1,NO
1751,1491,1176,0.01106,-352,352,1,NO
1752,1219,1178,0.03577,-302,302,1,NO
1753,1485,1178,0.00829,-360,360,1,NO
1754,1514,1178,0.008,-448,448,1,NO
1755,1231,1179,0.01789,-344,344,1,NO
1756,1344,1179,0.01963,-638,638,1,NO
1757,1515,1179,0.01632,-935,935,1,NO
1758,1517,1179,0.0306,-344,344,1,NO
1759,1346,1180,0.00618,-954,954,1,NO
1760,1188,1186,0.02307,-282,282,1,NO
1761,1500,1188,0.01571,-257,257,1,NO
1762,1520,1190,0.00168,0,0,1,NO
1763,1510,1191,0.05907,0,0,1,NO
1764,1331,1194,0.00041,-1579,1579,1,NO
1765,1331,1193,0.00042,-1579,1579,1,NO
1766,1379,1196,0.05211,-317,317,1,NO
1767,1219,1198,0.02669,-325,325,1,NO
1768,1424,1203,0.00278,-507,507,1,NO
1769,1466,1204,0.00598,-388,388,1,NO
1770,1344,1203,0.01429,-507,507,1,NO
1771,1455,1204,0.00315,-507,507,1,NO
1772,1443,1205,0.00293,-418,418,1,NO
1773,1344,1206,0.00573,-507,507,1,NO
1774,1344,1206,0.00573,-507,507,1,NO
1775,1344,1206,0.00296,-935,935,1,NO
1776,1521,1207,0.00034,-541,541,1,NO
1777,1522,1210,0.02615,-507,507,1,NO
1778,1329,1212,0.01402,-440,440,1,NO
1779,1303,1213,0.00083,-268,268,1,NO
1780,1336,1216,0.00211,-312,312,1,NO
1781,1336,1215,0.00211,-272,272,1,NO
1782,1504,1219,0.01778,-502,502,1,NO
1783,1523,1220,0.01011,-442,442,1,NO
1784,1343,1224,0.03926,-1711,1711,1,NO
1785,1230,1226,0.00119,-3507,3507,1,NO
1786,1230,1229,0.00119,-3507,3507,1,NO
1787,1230,1228,0.00119,-3507,3507,1,NO
1788,1230,1227,0.00119,-3507,3507,1,NO
1789,1421,1232,0.02227,0,0,1,NO
1790,1431,1232,0.05836,0,0,1,NO
1791,1523,1234,0.0001,-440,440,1,NO
1792,1512,1235,0.01444,-413,413,1,NO
1793,1162,1237,0.0334,-333,333,1,NO
1794,1456,1238,0.00934,-452,452,1,NO
1795,1457,1238,0.00682,-471,471,1,NO
1796,1524,1240,0.0003,-328,328,1,NO
1797,1250,1242,0.02,-2961,2961,1,NO
1798,1250,1242,0.02,-2961,2961,1,NO
1799,1488,1244,0.02858,-346,346,1,NO
1800,1257,1246,0.00255,-2487,2487,1,NO
1801,1256,1246,0.00255,-2487,2487,1,NO
1802,1353,1249,0.03605,-454,454,1,NO
1803,1353,1249,0.03625,-454,454,1,NO
1804,1297,1250,0.00866,-1644,1644,1,NO
1805,1528,1250,0.02277,-2450,2450,1,NO
1806,1297,1250,0.00866,-1644,1644,1,NO
1807,1297,1250,0.01066,-1708,1708,1,NO
1808,1297,1250,0.00695,-2487,2487,1,NO
1809,1297,1250,0.00695,-2487,2487,1,NO
1810,1276,1257,0.01474,-2487,2487,1,NO
1811,1276,1256,0.01478,-2487,2487,1,NO
1812,1497,1262,0.05408,-558,558,1,NO
1813,1317,1263,0.0049,-354,354,1,NO
1814,1502,1263,0.00077,-471,471,1,NO
1815,1525,1273,0.0063,-380,380,1,NO
1816,1445,1275,0.00407,-575,575,1,NO
1817,1352,1278,0.03093,-461,461,1,NO
1818,1309,1285,0.00097,-1363,1363,1,NO
1819,1527,1286,0.0002,-471,471,1,NO
1820,1527,1287,0.0002,-471,471,1,NO
1821,1309,1295,0.00105,-1363,1363,1,NO
1822,1319,1304,0.0503,-336,336,1,NO
1823,1486,1307,0.01592,-454,454,1,NO
1824,1375,1311,0.00197,-584,584,1,NO
1825,1376,1310,0.00302,-545,545,1,NO
1826,1502,1317,0.00241,-471,471,1,NO
1827,1529,1318,0.00474,-540,540,1,NO
1828,1406,1322,0.013,-330,330,1,NO
1829,1417,1325,0.0067,-424,424,1,NO
1830,1370,1331,0.00566,-1579,1579,1,NO
1831,1371,1331,0.00566,-1579,1579,1,NO
1832,1401,1336,0.01002,-566,566,1,NO
1833,1439,1338,0.01353,-540,540,1,NO
1834,1519,1339,0.00739,-1704,1704,1,NO
1835,1441,1342,0.05047,-354,354,1,NO
1836,1424,1344,0.01146,-507,507,1,NO
1837,1496,1344,0.00798,-507,507,1,NO
1838,1455,1344,0.00956,-507,507,1,NO
1839,1356,1350,0.02786,-405,405,1,NO
1840,1458,1350,0.01424,-507,507,1,NO
1841,1480,1350,0.02742,-492,492,1,NO
1842,1522,1350,0.00741,-492,492,1,NO
1843,1498,1358,0.00349,-1786,1786,1,NO
1844,1368,1364,0.00705,-368,368,1,NO
1845,1428,1365,0.00312,-348,348,1,NO
1846,1478,1364,0.00689,-540,540,1,NO
1847,1490,1364,0.0036,-352,352,1,NO
1848,1491,1364,0.00358,-352,352,1,NO
1849,1509,1364,0.00796,-356,356,1,NO
1850,1427,1365,0.00312,-405,405,1,NO
1851,1508,1365,0.00824,-356,356,1,NO
1852,1484,1365,0.00373,-833,833,1,NO
1853,1457,1367,0.02791,-383,383,1,NO
1854,1413,1375,0.00932,-405,405,1,NO
1855,1494,1375,0.00486,-584,584,1,NO
1856,1412,1375,0.01011,-272,272,1,NO
1857,1453,1375,0.0046,-274,274,1,NO
1858,1454,1376,0.00438,-405,405,1,NO
1859,1383,1382,0.00119,0,0,1,NO
1860,1383,1381,0.00119,0,0,1,NO
1861,1384,1380,0.00119,0,0,1,NO
1862,1402,1398,0.01443,-2275,2275,1,NO
1863,1531,1405,0.00099,-272,272,1,NO
1864,1493,1411,0.00787,0,0,1,NO
1865,1475,1436,0.00241,-438,438,1,NO
1866,1520,1504,0.00468,-503,503,1,NO
1867,4,6,0.1203,0,0,1,NO
1868,6,1557,-0.00616,-1186,1186,1,NO
1869,5,1580,-0.00616,-1188,1188,1,NO
1870,8,1557,0.03082,-1186,1186,1,NO
1871,8,1580,0.03082,-1188,1188,1,NO
1872,33,34,0.025,-1187,1187,1,NO
1873,36,1532,0.0847,0,0,1,NO
1874,37,1532,-0.0063,-1186,1186,1,NO
1875,37,1581,-0.00679,-1187,1187,1,NO
1876,38,1532,0.0313,-1186,1186,1,NO
1877,38,1581,0.032,-1187,1187,1,NO
1878,51,52,0.04834,-606,606,1,NO
1879,51,52,0.03961,-606,606,1,NO
1880,67,69,0.02514,-1186,1186,1,NO
1881,67,69,0.02493,-1186,1186,1,NO
1882,68,69,0.02493,-1186,1186,1,NO
1883,75,76,0.04245,-600,600,1,NO
1884,84,85,0.04501,-593,593,1,NO
1885,84,85,0.04467,-593,593,1,NO
1886,105,106,0.03892,-600,600,1,NO
1887,105,106,0.03982,-598,598,1,NO
1888,105,1582,-0.009,-600,600,1,NO
1889,106,1582,0.04889,-600,600,1,NO
1890,113,114,0.04377,-606,606,1,NO
1891,113,114,0.04862,-606,606,1,NO
1892,116,1533,0.08553,0,0,1,NO
1893,117,1533,-0.0045,-1186,1186,1,NO
1894,117,1558,-0.00644,-1186,1186,1,NO
1895,118,1533,0.02929,-1186,1186,1,NO
1896,118,1558,0.03151,-1186,1186,1,NO
1897,134,135,0.02486,-1186,1186,1,NO
1898,134,135,0.02479,-1186,1186,1,NO
1899,150,148,0.00474,-935,935,1,NO
1900,150,151,0.02431,-1186,1186,1,NO
1901,150,151,0.02431,-1188,1188,1,NO
1902,153,154,0.04384,-632,632,1,NO
1903,163,1559,0.14287,0,0,1,NO
1904,164,1559,-0.00782,-606,606,1,NO
1905,165,1559,0.04751,-606,606,1,NO
1906,195,1560,0.08386,0,0,1,NO
1907,196,1534,-0.0045,-1186,1186,1,NO
1908,196,1560,-0.00644,-1184,1184,1,NO
1909,197,1534,0.02929,-1186,1186,1,NO
1910,197,1560,0.03151,-1184,1184,1,NO
1911,217,218,0.02498,-1186,1186,1,NO
1912,219,220,0.02493,-1186,1186,1,NO
1913,219,220,0.02493,-1186,1186,1,NO
1914,221,222,0.05609,-1186,1186,1,NO
1915,233,234,0.23742,-2164,2164,1,NO
1916,241,1535,0.14342,0,0,1,NO
1917,240,1561,0.14134,0,0,1,NO
1918,243,1535,-0.00838,-606,606,1,NO
1919,242,1561,-0.00873,-557,557,1,NO
1920,244,1535,0.04841,-606,606,1,NO
1921,244,1561,0.04772,-557,557,1,NO
1922,248,1536,0.08109,0,0,1,NO
1923,247,1583,0.08844,0,0,1,NO
1924,250,1594,0.09363,0,0,1,NO
1925,249,1603,0.09294,0,0,1,NO
1926,251,1536,-0.00506,-1168,1168,1,NO
1927,252,1583,-0.01087,-1184,1184,1,NO
1928,252,1594,-0.00776,-1184,1184,1,NO
1929,251,1603,-0.00762,-1184,1184,1,NO
1930,255,1536,0.02644,-1168,1168,1,NO
1931,254,1583,0.0383,-1184,1184,1,NO
1932,255,1594,0.03518,-1184,1184,1,NO
1933,254,1603,0.03469,-1184,1184,1,NO
1934,261,263,0.0268,-1184,1184,1,NO
1935,261,262,0.02659,-1184,1184,1,NO
1936,264,265,0.25078,-639,639,1,NO
1937,264,265,0.25078,-639,639,1,NO
1938,264,265,0.25078,-639,639,1,NO
1939,271,1537,0.1482,0,0,1,NO
1940,272,1537,-0.009,-606,606,1,NO
1941,272,1562,-0.00519,-606,606,1,NO
1942,273,1537,0.04917,-606,606,1,NO
1943,273,1562,0.04848,-606,606,1,NO
1944,283,1584,0.09834,0,0,1,NO
1945,284,285,0.02715,-1184,1184,1,NO
1946,284,285,0.02722,-1187,1187,1,NO
1947,284,1584,-0.0081,-1186,1186,1,NO
1948,286,1584,0.03573,-1186,1186,1,NO
1949,301,1585,0.09141,0,0,1,NO
1950,302,303,0.02728,-1186,1186,1,NO
1951,302,303,0.02736,-1186,1186,1,NO
1952,302,1585,-0.00748,-1186,1186,1,NO
1953,303,1585,0.03476,-1186,1186,1,NO
1954,321,322,0.53333,-1038,1038,1,NO
1955,340,341,0.02514,-1186,1186,1,NO
1956,339,341,0.02535,-1186,1186,1,NO
1957,342,343,0.02708,-1186,1186,1,NO
1958,342,343,0.02736,-1186,1186,1,NO
1959,342,343,0.04231,-606,606,1,NO
1960,342,343,0.04308,-606,606,1,NO
1961,354,356,0.02472,-1186,1186,1,NO
1962,353,356,0.02493,-1186,1186,1,NO
1963,361,1604,0.08663,0,0,1,NO
1964,1604,362,-0.00734,-581,581,1,NO
1965,362,363,0.02528,-585,585,1,NO
1966,362,363,0.02486,-1186,1186,1,NO
1967,363,1604,0.03144,-581,581,1,NO
1968,382,383,0.02465,-1184,1184,1,NO
1969,382,383,0.02465,-1184,1184,1,NO
1970,389,390,0.23742,-2164,2164,1,NO
1971,411,1538,-0.00547,-1184,1184,1,NO
1972,412,1538,0.0329,-1184,1184,1,NO
1973,426,427,0.02736,-1186,1186,1,NO
1974,426,427,0.04155,-600,600,1,NO
1975,426,427,0.04875,-607,607,1,NO
1976,426,427,0.02756,-1186,1186,1,NO
1977,431,1595,0.09017,0,0,1,NO
1978,432,1595,-0.00713,-1186,1186,1,NO
1979,432,1605,-0.00561,-1186,1186,1,NO
1980,433,1595,0.03373,-1186,1186,1,NO
1981,433,1605,0.03296,-1186,1186,1,NO
1982,434,435,0.02479,-1184,1184,1,NO
1983,448,449,0.02507,-1186,1186,1,NO
1984,448,449,0.02493,-1186,1186,1,NO
1985,452,1539,0.09384,0,0,1,NO
1986,453,1539,-0.00755,-1187,1187,1,NO
1987,453,1563,-0.00485,-606,606,1,NO
1988,454,1539,0.03428,-1187,1187,1,NO
1989,454,1563,0.05319,-606,606,1,NO
1990,517,518,0.04467,-593,593,1,NO
1991,540,1564,0.08608,0,0,1,NO
1992,541,542,0.03442,-605,605,1,NO
1993,541,1564,-0.00471,-1184,1184,1,NO
1994,542,1564,0.02957,-1184,1184,1,NO
1995,544,545,0.02479,-1186,1186,1,NO
1996,547,548,0.02472,-1186,1186,1,NO
1997,547,548,0.025,-1186,1186,1,NO
1998,574,575,0.02687,-1186,1186,1,NO
1999,574,575,0.02687,-1186,1186,1,NO
2000,574,575,0.02728,-1186,1186,1,NO
2001,583,584,0.15859,-1017,1017,1,NO
2002,583,585,0.1572,-1017,1017,1,NO
2003,590,1540,0.08338,0,0,1,NO
2004,1540,591,-0.00616,-1186,1186,1,NO
2005,592,1540,0.03116,-1186,1186,1,NO
2006,421,594,0.00796,-418,418,1,NO
2007,603,604,0.14392,0,0,1,NO
2008,603,604,0.18825,0,0,1,NO
2009,611,612,0.04328,-606,606,1,NO
2010,611,612,0.04384,-606,606,1,NO
2011,622,623,0.02742,-1187,1187,1,NO
2012,622,623,0.02736,-1187,1187,1,NO
2013,636,637,0.16178,0,0,1,NO
2014,636,637,0.16178,0,0,1,NO
2015,644,645,0.19002,0,0,1,NO
2016,660,661,0.02431,-1186,1186,1,NO
2017,663,665,0.04875,-606,606,1,NO
2018,663,664,0.04245,-606,606,1,NO
2019,685,686,0.12444,0,0,1,NO
2020,692,693,0.02486,-1186,1186,1,NO
2021,692,1565,-0.00637,-1186,1186,1,NO
2022,691,1586,-0.0063,-1186,1186,1,NO
2023,693,1565,0.03116,-1186,1186,1,NO
2024,693,1586,0.03144,-1186,1186,1,NO
2025,694,695,0.04273,-606,606,1,NO
2026,699,700,0.11536,-724,724,1,NO
2027,701,702,0.02424,-1186,1186,1,NO
2028,701,702,0.02424,-1184,1184,1,NO
2029,712,713,0.13728,0,0,1,NO
2030,715,716,0.03927,-600,600,1,NO
2031,715,716,0.03961,-600,600,1,NO
2032,719,720,0.15802,0,0,1,NO
2033,724,725,0.10173,-1139,1139,1,NO
2034,724,726,0.10076,-1139,1139,1,NO
2035,730,731,0.00396,-974,974,1,NO
2036,745,1587,0.20949,0,0,1,NO
2037,746,747,0.04308,-600,600,1,NO
2038,746,747,0.04356,-600,600,1,NO
2039,1587,746,-0.00422,-600,600,1,NO
2040,747,1587,0.04758,-600,600,1,NO
2041,748,749,0.04536,-606,606,1,NO
2042,748,749,0.04508,-606,606,1,NO
2043,755,756,0.02486,-1186,1186,1,NO
2044,755,756,0.02479,-1186,1186,1,NO
2045,755,756,0.02514,-1186,1186,1,NO
2046,757,1541,0.22389,0,0,1,NO
2047,758,1541,-0.00505,-547,547,1,NO
2048,759,1541,0.05374,-547,547,1,NO
2049,762,764,0.10568,-446,446,1,NO
2050,762,764,0.10765,-446,446,1,NO
2051,763,765,0.10083,-1628,1628,1,NO
2052,763,765,0.10014,-1628,1628,1,NO
2053,764,765,0.03584,-1188,1188,1,NO
2054,767,1542,0.0883,0,0,1,NO
2055,766,1566,0.09218,0,0,1,NO
2056,768,1542,-0.01122,-1186,1186,1,NO
2057,768,1566,-0.00769,-1186,1186,1,NO
2058,769,1542,0.03878,-1186,1186,1,NO
2059,770,1566,0.0349,-1186,1186,1,NO
2060,774,775,0.02486,-1186,1186,1,NO
2061,774,775,0.02486,-1186,1186,1,NO
2062,784,1543,-0.00485,-606,606,1,NO
2063,784,1567,-0.00713,-606,606,1,NO
2064,784,785,0.02465,-1188,1188,1,NO
2065,785,1543,0.04799,-606,606,1,NO
2066,785,1567,0.04681,-606,606,1,NO
2067,797,1568,0.15699,0,0,1,NO
2068,796,1588,0.09391,0,0,1,NO
2069,798,1544,-0.01122,-1186,1186,1,NO
2070,798,1568,-0.01101,-606,606,1,NO
2071,798,1588,-0.00519,-1186,1186,1,NO
2072,798,1596,-0.0115,-1186,1186,1,NO
2073,799,1544,0.0383,-1186,1186,1,NO
2074,799,1568,0.05346,-606,606,1,NO
2075,799,1588,0.03206,-1186,1186,1,NO
2076,799,1596,0.03843,-1186,1186,1,NO
2077,803,1545,-0.00457,-1186,1186,1,NO
2078,805,1569,-0.00443,-1186,1186,1,NO
2079,804,806,0.02507,-1186,1186,1,NO
2080,806,1545,0.02936,-1186,1186,1,NO
2081,806,1569,0.02909,-1186,1186,1,NO
2082,820,1570,0.08934,0,0,1,NO
2083,819,1597,0.0912,0,0,1,NO
2084,822,825,0.02736,-1184,1184,1,NO
2085,823,1570,-0.01136,-1187,1187,1,NO
2086,822,1589,-0.00741,-1187,1187,1,NO
2087,822,1597,-0.00776,-1187,1187,1,NO
2088,825,1570,0.03843,-1187,1187,1,NO
2089,824,1589,0.03463,-1187,1187,1,NO
2090,824,1597,0.0349,-1187,1187,1,NO
2091,835,836,0.02479,-1186,1186,1,NO
2092,835,836,0.02479,-1186,1186,1,NO
2093,838,1546,0.14737,0,0,1,NO
2094,839,1571,0.14681,0,0,1,NO
2095,840,1546,-0.0144,-567,567,1,NO
2096,840,1571,-0.01371,-581,581,1,NO
2097,840,841,0.0349,-581,581,1,NO
2098,841,1546,0.05062,-567,567,1,NO
2099,841,1571,0.05055,-581,581,1,NO
2100,881,1547,-0.00429,-1184,1184,1,NO
2101,881,1572,-0.00623,-1184,1184,1,NO
2102,882,1547,0.02909,-1184,1184,1,NO
2103,882,1572,0.03123,-1184,1184,1,NO
2104,1251,887,0.00909,-471,471,1,NO
2105,949,950,0.02479,-1186,1186,1,NO
2106,960,962,0.10173,-1139,1139,1,NO
2107,960,961,0.09986,-1139,1139,1,NO
2108,422,982,0.00034,-1184,1184,1,NO
2109,981,982,0.04287,-606,606,1,NO
2110,994,1548,0.09273,0,0,1,NO
2111,995,1590,0.09321,0,0,1,NO
2112,996,1548,-0.00789,-1184,1184,1,NO
2113,997,1573,-0.0054,-1184,1184,1,NO
2114,996,1590,-0.00796,-1184,1184,1,NO
2115,999,1598,-0.00727,-1184,1184,1,NO
2116,998,1001,0.02708,-1184,1184,1,NO
2117,1000,1548,0.03518,-1184,1184,1,NO
2118,1000,1573,0.03276,-1184,1184,1,NO
2119,1001,1590,0.03476,-1184,1184,1,NO
2120,1001,1598,0.03414,-1184,1184,1,NO
2121,1003,1004,0.02728,-1186,1186,1,NO
2122,1021,1549,-0.00554,-1186,1186,1,NO
2123,1021,1022,0.02736,-1188,1188,1,NO
2124,1022,1549,0.03324,-1186,1186,1,NO
2125,1252,1033,0.00909,-473,473,1,NO
2126,1036,1037,0.02431,-1188,1188,1,NO
2127,1036,1037,0.025,-1188,1188,1,NO
2128,1036,1037,0.02458,-1188,1188,1,NO
2129,1059,1060,0.04349,-608,608,1,NO
2130,1059,1060,0.02798,-1186,1186,1,NO
2131,1085,1087,0.04855,-606,606,1,NO
2132,1086,1087,0.02694,-1187,1187,1,NO
2133,1086,1087,0.02638,-1187,1187,1,NO
2134,1100,1574,0.15547,0,0,1,NO
2135,1101,1550,-0.00831,-600,600,1,NO
2136,1101,1574,-0.00803,-600,600,1,NO
2137,1102,1550,0.04792,-600,600,1,NO
2138,1102,1574,0.04958,-600,600,1,NO
2139,1103,1104,0.04141,-606,606,1,NO
2140,1103,1104,0.03968,-606,606,1,NO
2141,1125,1126,0.02479,-1186,1186,1,NO
2142,1125,1126,0.02479,-1182,1182,1,NO
2143,1132,1551,0.09259,0,0,1,NO
2144,1134,1551,-0.00596,-1186,1186,1,NO
2145,1133,1135,0.02486,-1186,1186,1,NO
2146,1135,1551,0.03296,-1186,1186,1,NO
2147,1139,1140,0.02479,-1186,1186,1,NO
2148,1141,1552,-0.0078,-435,435,1,NO
2149,1141,1575,-0.0078,-435,435,1,NO
2150,1150,1553,0.08456,0,0,1,NO
2151,1553,1151,-0.00464,-1186,1186,1,NO
2152,1151,1152,0.02493,-1186,1186,1,NO
2153,1152,1553,0.02957,-1186,1186,1,NO
2154,1157,1159,0.04238,-600,600,1,NO
2155,1591,1157,-0.00692,-600,600,1,NO
2156,1599,1157,-0.01087,-600,600,1,NO
2157,1159,1591,0.0554,-600,600,1,NO
2158,1158,1599,0.05374,-600,600,1,NO
2159,1179,1180,0.02479,-1186,1186,1,NO
2160,1195,1606,0.21295,0,0,1,NO
2161,1606,1196,-0.00519,-557,557,1,NO
2162,1196,1197,0.0482,-557,557,1,NO
2163,1197,1606,0.04744,-557,557,1,NO
2164,1218,1219,0.12741,0,0,1,NO
2165,1236,1237,0.11852,0,0,1,NO
2166,1238,1239,0.04294,-600,600,1,NO
2167,1238,1239,0.04308,-600,600,1,NO
2168,1241,1554,-0.00602,-1186,1186,1,NO
2169,1241,1576,-0.00457,-1174,1174,1,NO
2170,1241,1242,0.02562,-1186,1186,1,NO
2171,1242,1554,0.03116,-1186,1186,1,NO
2172,1242,1576,0.02936,-1174,1174,1,NO
2173,1243,1244,0.13776,0,0,1,NO
2174,1248,1250,0.04792,-606,606,1,NO
2175,1249,1250,0.02749,-1266,1266,1,NO
2176,1249,1250,0.02749,-1266,1266,1,NO
2177,1255,1257,0.10152,-1139,1139,1,NO
2178,1255,1256,0.10208,-1139,1139,1,NO
2179,1259,1261,0.02736,-1184,1184,1,NO
2180,1259,1260,0.02978,-1184,1184,1,NO
2181,1266,1268,0.10228,-1140,1140,1,NO
2182,1266,1267,0.10228,-1140,1140,1,NO
2183,1274,1600,0.09287,0,0,1,NO
2184,1275,1592,-0.00769,-1188,1188,1,NO
2185,1275,1600,-0.00762,-1188,1188,1,NO
2186,1276,1592,0.03511,-1188,1188,1,NO
2187,1276,1600,0.03483,-1188,1188,1,NO
2188,1278,1279,0.03179,-1186,1186,1,NO
2189,1278,1279,0.03186,-1186,1186,1,NO
2190,1296,1297,0.01641,-1769,1769,1,NO
2191,1295,1297,0.01475,-1746,1746,1,NO
2192,1294,1297,0.01641,-2258,2258,1,NO
2193,1290,1297,0.01641,-2258,2258,1,NO
2194,1288,1297,0.01641,-1769,1769,1,NO
2195,1289,1297,0.01641,-1769,1769,1,NO
2196,1293,1297,0.01641,-2258,2258,1,NO
2197,1292,1297,0.01641,-2258,2258,1,NO
2198,1291,1297,0.02431,-1187,1187,1,NO
2199,1314,1555,-0.00471,-606,606,1,NO
2200,1314,1315,0.04855,-606,606,1,NO
2201,1315,1555,0.05284,-606,606,1,NO
2202,1322,1324,0.02701,-1187,1187,1,NO
2203,1322,1324,0.02722,-1188,1188,1,NO
2204,1323,1324,0.02763,-1188,1188,1,NO
2205,1328,1577,0.08456,0,0,1,NO
2206,1329,1330,0.02479,-1186,1186,1,NO
2207,1329,1577,-0.00436,-1186,1186,1,NO
2208,1330,1577,0.02916,-1186,1186,1,NO
2209,1338,1339,0.02507,-1186,1186,1,NO
2210,1338,1339,0.025,-1186,1186,1,NO
2211,1342,1343,0.03934,-600,600,1,NO
2212,1341,1343,0.025,-1186,1186,1,NO
2213,1342,1343,0.03927,-600,600,1,NO
2214,1344,1346,0.02486,-1186,1186,1,NO
2215,1349,1350,0.12543,-358,358,1,NO
2216,1350,1351,0.02479,-1186,1186,1,NO
2217,1350,1351,0.025,-1186,1186,1,NO
2218,1360,1556,0.09245,0,0,1,NO
2219,1363,1593,0.09335,0,0,1,NO
2220,1362,1601,0.09169,0,0,1,NO
2221,1361,1607,0.08823,0,0,1,NO
2222,1365,1556,-0.00533,-1186,1186,1,NO
2223,1365,1578,-0.00547,-1186,1186,1,NO
2224,1364,1593,-0.00769,-1186,1186,1,NO
2225,1365,1601,-0.00789,-1186,1186,1,NO
2226,1365,1607,-0.01094,-1186,1186,1,NO
2227,1366,1556,0.03276,-1186,1186,1,NO
2228,1366,1578,0.0329,-1186,1186,1,NO
2229,1366,1593,0.03483,-1186,1186,1,NO
2230,1366,1601,0.03483,-1186,1186,1,NO
2231,1366,1607,0.03864,-1186,1186,1,NO
2232,1369,1371,0.1018,-1139,1139,1,NO
2233,1369,1370,0.10118,-1139,1139,1,NO
2234,1372,1579,0.09065,0,0,1,NO
2235,1374,1602,0.09494,0,0,1,NO
2236,1373,1608,0.2241,0,0,1,NO
2237,1375,1579,-0.01129,-1184,1184,1,NO
2238,1376,1377,0.02736,-1184,1184,1,NO
2239,1375,1602,-0.00554,-1184,1184,1,NO
2240,1376,1378,0.04862,-605,605,1,NO
2241,1376,1608,-0.00526,-605,605,1,NO
2242,1377,1579,0.03871,-1184,1184,1,NO
2243,1378,1602,0.0329,-1184,1184,1,NO
2244,1378,1608,0.05332,-605,605,1,NO
2245,1397,1398,0.02507,-1186,1186,1,NO
2246,1397,1398,0.02507,-1186,1186,1,NO
2247,1396,1398,0.02445,-1186,1186,1,NO
2248,1396,1398,0.02507,-1187,1187,1,NO
2249,1401,1402,0.02535,-1186,1186,1,NO
2250,1401,1402,0.02521,-1186,1186,1,NO
2251,1407,1408,0.0277,-1186,1186,1,NO
2252,27,1609,0.01974,-254,254,1,NO
2253,28,1610,0.01974,-550,550,1,NO
2254,49,1611,0.54184,0,0,1,NO
2255,60,1612,0.14286,0,0,1,NO
2256,60,1613,0.21915,0,0,1,NO
2257,72,1614,0.36679,0,0,1,NO
2258,72,1615,0.36679,0,0,1,NO
2259,73,1616,0.36679,0,0,1,NO
2260,73,1617,0.36679,0,0,1,NO
2261,100,1618,0.15,0,0,1,NO
2262,99,1619,0.15,0,0,1,NO
2263,127,1620,0.01261,-1052,1052,1,NO
2264,124,1621,0.01261,-1087,1087,1,NO
2265,125,1622,0.01261,-1088,1088,1,NO
2266,126,1623,0.01261,-1049,1049,1,NO
2267,129,1624,0.04821,0,0,1,NO
2268,128,1625,0.04821,0,0,1,NO
2269,130,1626,0.04396,0,0,1,NO
2270,130,1627,0.03442,0,0,1,NO
2271,130,1628,0.06506,0,0,1,NO
2272,136,1629,0.16143,0,0,1,NO
2273,136,1630,0.17931,0,0,1,NO
2274,136,1631,0.16143,0,0,1,NO
2275,136,1632,0.17931,0,0,1,NO
2276,136,1633,0.17931,0,0,1,NO
2277,774,1634,0.04496,0,0,1,NO
2278,161,1635,0.24808,0,0,1,NO
2279,166,1636,0.30011,0,0,1,NO
2280,176,1637,0.01268,-1054,1054,1,NO
2281,175,1638,0.01268,-1063,1063,1,NO
2282,173,1639,0.01268,-1032,1032,1,NO
2283,174,1640,0.01268,-1030,1030,1,NO
2284,180,1641,0.0093,-403,403,1,NO
2285,181,1642,0.0093,-394,394,1,NO
2286,184,1643,0.20006,0,0,1,NO
2287,184,1644,0.20006,0,0,1,NO
2288,184,1645,0.20006,0,0,1,NO
2289,183,1646,0.20006,0,0,1,NO
2290,183,1647,0.20006,0,0,1,NO
2291,183,1648,0.20006,0,0,1,NO
2292,186,1649,0.33343,0,0,1,NO
2293,186,1650,0.33343,0,0,1,NO
2294,186,1651,0.33343,0,0,1,NO
2295,186,1652,0.33343,0,0,1,NO
2296,187,1653,0.33343,0,0,1,NO
2297,187,1654,0.33343,0,0,1,NO
2298,190,1655,0.45318,0,0,1,NO
2299,209,1656,0.33399,0,0,1,NO
2300,209,1657,0.33399,0,0,1,NO
2301,209,1658,0.33399,0,0,1,NO
2302,209,1659,0.33399,0,0,1,NO
2303,208,1660,0.33399,0,0,1,NO
2304,208,1661,0.33399,0,0,1,NO
2305,235,1662,0.00891,-1550,1550,1,NO
2306,237,1663,0.00891,-1343,1343,1,NO
2307,238,1664,0.00891,-1312,1312,1,NO
2308,289,1665,0.04821,0,0,1,NO
2309,293,1666,0.05407,0,0,1,NO
2310,293,1667,0.05407,0,0,1,NO
2311,294,1668,0.01268,-1051,1051,1,NO
2312,296,1669,0.01261,-1063,1063,1,NO
2313,295,1670,0.01261,-1063,1063,1,NO
2314,298,1671,0.00926,-723,723,1,NO
2315,299,1672,0.00926,-607,607,1,NO
2316,306,1673,0.00926,-1745,1745,1,NO
2317,305,1674,0.00926,-1747,1747,1,NO
2318,311,1675,0.15506,0,0,1,NO
2319,311,1676,0.15506,0,0,1,NO
2320,311,1677,0.15506,0,0,1,NO
2321,311,1678,0.15506,0,0,1,NO
2322,15,1679,0.06579,0,0,1,NO
2323,16,1680,0.06579,0,0,1,NO
2324,597,1681,0.1,0,0,1,NO
2325,333,1682,0.01954,0,0,1,NO
2326,331,1683,0.02023,-691,691,1,NO
2327,332,1684,0.01954,-714,714,1,NO
2328,334,1685,0.02158,-254,254,1,NO
2329,408,1686,0.2424,0,0,1,NO
2330,408,1687,0.2424,0,0,1,NO
2331,408,1688,0.2424,0,0,1,NO
2332,408,1689,0.2424,0,0,1,NO
2333,408,1690,0.2424,0,0,1,NO
2334,408,1691,0.2424,0,0,1,NO
2335,376,1692,0.01268,-1116,1116,1,NO
2336,375,1693,0.01268,-1117,1117,1,NO
2337,377,1694,0.01261,-1119,1119,1,NO
2338,378,1695,0.01261,0,0,1,NO
2339,385,1696,0.18182,0,0,1,NO
2340,394,1697,0.04123,-510,510,1,NO
2341,393,1698,0.27349,0,0,1,NO
2342,404,1699,0.03283,-302,302,1,NO
2343,428,1700,0.08939,0,0,1,NO
2344,429,1701,0.08939,0,0,1,NO
2345,429,1702,0.0566,0,0,1,NO
2346,428,1703,0.0566,0,0,1,NO
2347,444,1704,0.01268,0,0,1,NO
2348,443,1705,0.01268,0,0,1,NO
2349,445,1706,0.01268,0,0,1,NO
2350,446,1707,0.01268,-263,263,1,NO
2351,458,1708,0.34584,0,0,1,NO
2352,496,1709,0.26675,0,0,1,NO
2353,495,1710,0.26675,0,0,1,NO
2354,494,1711,0.26675,0,0,1,NO
2355,499,1712,0.0093,-1611,1611,1,NO
2356,502,1713,0.0093,-1608,1608,1,NO
2357,528,1714,0.51016,0,0,1,NO
2358,529,1715,0.51016,0,0,1,NO
2359,530,1716,0.51016,0,0,1,NO
2360,531,1717,0.51016,0,0,1,NO
2361,554,1718,0.47948,0,0,1,NO
2362,552,1719,0.47948,0,0,1,NO
2363,551,1720,0.47948,0,0,1,NO
2364,550,1721,0.47948,0,0,1,NO
2365,553,1722,0.47948,0,0,1,NO
2366,556,1723,0.40012,0,0,1,NO
2367,556,1724,0.40012,0,0,1,NO
2368,564,1725,0.00891,-1524,1524,1,NO
2369,565,1726,0.00891,-1525,1525,1,NO
2370,571,1727,0.04248,-538,538,1,NO
2371,580,1728,0.01268,-336,336,1,NO
2372,581,1729,0.01268,-341,341,1,NO
2373,579,1730,0.01268,-377,377,1,NO
2374,577,1731,0.01268,-355,355,1,NO
2375,578,1732,0.01268,-338,338,1,NO
2376,576,1733,0.01268,-258,258,1,NO
2377,604,1734,0.04111,0,0,1,NO
2378,1321,1735,0.08253,0,0,1,NO
2379,1321,1736,0.08253,0,0,1,NO
2380,1321,1737,0.08253,0,0,1,NO
2381,1321,1738,0.08253,0,0,1,NO
2382,1321,1739,0.08253,0,0,1,NO
2383,1321,1740,0.08253,0,0,1,NO
2384,1321,1741,0.08253,0,0,1,NO
2385,1321,1742,0.08253,0,0,1,NO
2386,614,1743,0.02908,-322,322,1,NO
2387,625,1744,0.04496,0,0,1,NO
2388,624,1745,0.02023,0,0,1,NO
2389,626,1746,0.0212,-295,295,1,NO
2390,669,1747,0.30255,0,0,1,NO
2391,670,1748,0.30255,0,0,1,NO
2392,667,1749,0.30255,0,0,1,NO
2393,668,1750,0.30255,0,0,1,NO
2394,672,1751,0.33356,0,0,1,NO
2395,671,1752,0.33356,0,0,1,NO
2396,734,1753,0.31286,0,0,1,NO
2397,734,1754,0.31286,0,0,1,NO
2398,734,1755,0.31286,0,0,1,NO
2399,734,1756,0.31286,0,0,1,NO
2400,727,1757,0.04821,0,0,1,NO
2401,742,1758,0.12038,0,0,1,NO
2402,742,1759,0.17125,0,0,1,NO
2403,742,1760,0.12038,0,0,1,NO
2404,744,1761,0.32941,0,0,1,NO
2405,744,1762,0.32941,0,0,1,NO
2406,744,1763,0.32941,0,0,1,NO
2407,751,1764,0.18164,0,0,1,NO
2408,779,1765,0.04496,0,0,1,NO
2409,780,1766,0.04496,0,0,1,NO
2410,792,1767,0.48275,0,0,1,NO
2411,105,1768,0.03172,0,0,1,NO
2412,845,1769,0.0516,0,0,1,NO
2413,844,1770,0.0516,0,0,1,NO
2414,848,1771,0.0592,-273,273,1,NO
2415,848,1772,0.0596,-275,275,1,NO
2416,847,1773,0.0596,-272,272,1,NO
2417,847,1774,0.05972,-272,272,1,NO
2418,492,1775,0.01268,-1072,1072,1,NO
2419,491,1776,0.01268,-1072,1072,1,NO
2420,863,1777,0.29533,0,0,1,NO
2421,861,1778,0.29533,0,0,1,NO
2422,862,1779,0.29533,0,0,1,NO
2423,871,1780,0.03299,-394,394,1,NO
2424,872,1781,0.03427,0,0,1,NO
2425,898,1782,0.0093,-371,371,1,NO
2426,901,1783,0.14415,0,0,1,NO
2427,901,1784,0.14415,0,0,1,NO
2428,911,1785,0.28729,0,0,1,NO
2429,917,1786,0.00891,-1322,1322,1,NO
2430,918,1787,0.00891,-1195,1195,1,NO
2431,920,1788,0.00891,-1203,1203,1,NO
2432,919,1789,0.00891,-422,422,1,NO
2433,926,1790,0.38979,0,0,1,NO
2434,934,1791,0.0093,-972,972,1,NO
2435,935,1792,0.0093,-967,967,1,NO
2436,951,1793,0.02148,0,0,1,NO
2437,953,1794,0.02148,0,0,1,NO
2438,952,1795,0.02148,0,0,1,NO
2439,954,1796,0.01974,0,0,1,NO
2440,957,1797,0.31817,0,0,1,NO
2441,968,1798,0.04496,-283,283,1,NO
2442,967,1799,0.02023,-708,708,1,NO
2443,992,1800,0.73355,0,0,1,NO
2444,1013,1801,0.04675,-280,280,1,NO
2445,1028,1802,0.15505,0,0,1,NO
2446,1027,1803,0.15505,0,0,1,NO
2447,1026,1804,0.15505,0,0,1,NO
2448,1029,1805,0.3279,0,0,1,NO
2449,1029,1806,0.3279,0,0,1,NO
2450,1029,1807,0.3279,0,0,1,NO
2451,1029,1808,0.3279,0,0,1,NO
2452,1055,1809,0.0774,0,0,1,NO
2453,1056,1810,0.06037,0,0,1,NO
2454,1057,1811,0.0774,0,0,1,NO
2455,1058,1812,0.0774,0,0,1,NO
2456,1065,1813,0.2858,0,0,1,NO
2457,1063,1814,0.2858,0,0,1,NO
2458,1064,1815,0.2858,0,0,1,NO
2459,1114,1816,0.26199,0,0,1,NO
2460,1114,1817,0.26199,0,0,1,NO
2461,1117,1818,0.31759,0,0,1,NO
2462,1118,1819,0.32941,0,0,1,NO
2463,1136,1820,0.73362,0,0,1,NO
2464,1162,1821,0.08883,0,0,1,NO
2465,1173,1822,0.0093,-1545,1545,1,NO
2466,1172,1823,0.0093,-1545,1545,1,NO
2467,475,1824,0.03594,0,0,1,NO
2468,476,1825,0.0197,-259,259,1,NO
2469,473,1826,0.03742,0,0,1,NO
2470,474,1827,0.03712,0,0,1,NO
2471,1187,1828,0.24436,0,0,1,NO
2472,1187,1829,0.24436,0,0,1,NO
2473,1190,1830,0.14894,0,0,1,NO
2474,1194,1831,0.01261,-1062,1062,1,NO
2475,1193,1832,0.01261,-1066,1066,1,NO
2476,1198,1833,0.1992,0,0,1,NO
2477,1198,1834,0.1992,0,0,1,NO
2478,1226,1835,0.42812,0,0,1,NO
2479,1229,1836,0.42812,0,0,1,NO
2480,1228,1837,0.42812,0,0,1,NO
2481,1227,1838,0.42812,0,0,1,NO
2482,1233,1839,0.09276,0,0,1,NO
2483,1233,1840,0.09276,0,0,1,NO
2484,1233,1841,0.09276,0,0,1,NO
2485,1233,1842,0.09276,0,0,1,NO
2486,1282,1843,0.01277,-1134,1134,1,NO
2487,1283,1844,0.01277,-1137,1137,1,NO
2488,1285,1845,0.01277,-1136,1136,1,NO
2489,1284,1846,0.01277,-1133,1133,1,NO
2490,1311,1847,0.05059,0,0,1,NO
2491,1311,1848,0.05059,0,0,1,NO
2492,1310,1849,0.05059,0,0,1,NO
2493,1355,1850,0.04496,0,0,1,NO
2494,1354,1851,0.04496,0,0,1,NO
2495,1382,1852,0.31805,0,0,1,NO
2496,1381,1853,0.31805,0,0,1,NO
2497,1380,1854,0.31805,0,0,1,NO
2498,1388,1855,0.15125,0,0,1,NO
2499,1388,1856,0.15125,0,0,1,NO
2500,749,1857,5E-05,-1974,1974,1,NO
2501,749,1858,5E-05,-1974,1974,1,NO
2502,964,1859,0.01349,-401,401,1,NO
2503,722,1860,0.00684,-1474,1474,1,NO
2504,33,1861,0.01412,-470,470,1,NO
2505,1159,1862,0.00315,-1579,1579,1,NO
2506,835,1863,0.00625,-506,506,1,NO
2507,868,1864,0.00186,-506,506,1,NO
2508,775,1865,0.00809,-1474,1474,1,NO
2509,69,1866,0.0047,-1711,1711,1,NO
2510,747,1867,0.00569,-1253,1253,1,NO
2511,1159,1868,0.00516,-1316,1316,1,NO
2512,958,1869,0.02014,-336,336,1,NO
2513,1486,1870,0.00452,-454,454,1,NO
2514,207,1871,0.01654,-1579,1579,1,NO
2515,1383,1872,0.00588,-502,502,1,NO
2516,858,1873,0.00284,-1974,1974,1,NO
2517,1179,1874,0.00759,-288,288,1,NO
2518,1345,1875,0.00356,-1790,1790,1,NO
2519,1346,1876,0.00356,-1790,1790,1,NO
2520,300,1877,0.0222,-461,461,1,NO
2521,34,1878,0.00586,-1624,1624,1,NO
2522,1158,1879,0.00522,-1487,1487,1,NO
2523,339,1880,0.0347,-323,323,1,NO
2524,7,1881,0.0196,-1559,1559,1,NO
2525,8,1882,0.0196,-1559,1559,1,NO
2526,340,1883,0.0268,-323,323,1,NO
2527,1358,1884,0.00401,-1316,1316,1,NO
2528,547,1885,0.00929,-428,428,1,NO
2529,547,1886,0.0093,-428,428,1,NO
2530,207,1887,0.00086,-1382,1382,1,NO
2531,85,1888,0.01138,-1624,1624,1,NO
