genName,BusId,pmax,pmin,init_output,init_state_time,MinOnTime,MinOffTime,ColdStartTime,ramp_up,ramp_down,startup_times,hot_start,cold_start,min_cost,segments,segment1,segment2,segment3,segment4,segment5,segment6,segment7,segment8,segment9,segment10,segment11,cost1,cost2,cost3,cost4,cost5,cost6,cost7,cost8,cost9,cost10,zone,Pstart,Pshut
1,1671,1503,403,1503,96,22,22,44,1052.1,1052.1,-,56167.04,127496.97,10008.9642336649,4,403,678,953,1228,1503,,,,,,,152.5838879,206.1207082,260.8036191,317.3120824,,,,,,,-,1052.1,1052.1
2,1672,1503,403,1503,96,22,22,44,1052.1,1052.1,-,59604.06,129583.31,10345.2204040921,4,403,678,953,1228,1503,,,,,,,157.2122007,212.1863712,268.4807842,326.3664446,,,,,,,-,1052.1,1052.1
3,1673,1498,398.0063007,1498,96,22,22,44,1048.6,1048.6,-,53887.68,134785.48,9362.82676936339,4,398.0063007,673.0047256,948.0031504,1223.001575,1498,,,,,,,143.1939597,193.8775538,245.7517034,299.1586953,,,,,,,-,1048.6,1048.6
4,1674,1498,398,1498,96,22,22,44,1048.6,1048.6,-,51981.89,119893.84,9247.01339465552,4,398,673,948,1223,1498,,,,,,,141.7985737,191.8200793,242.5937893,294.5461495,,,,,,,-,1048.6,1048.6
5,1791,1374.106827,356.7929543,1374.106827,96,22,22,44,961.87,961.87,-,41925.25,96239.2,9153.80778034254,4,356.7929543,611.1214224,865.4498906,1119.778359,1374.106827,,,,,,,141.1738587,191.5891484,242.9762112,295.8537387,,,,,,,-,961.87,961.87
6,1786,1373.506652,366.1997482,1241.046208,96,22,22,44,961.45,961.45,-,52940.03,123371.47,9702.55919315763,4,366.1997482,618.0264742,869.8532002,1121.679926,1373.506652,,,,,,,146.4814443,197.1044606,249.0373383,302.6445826,,,,,,,-,961.45,961.45
7,1712,1372.235233,366.5296191,1372.235233,96,22,22,44,960.56,960.56,-,46995.56,114473.62,8941.40438972283,4,366.5296191,617.9560227,869.3824263,1120.80883,1372.235233,,,,,,,137.4692668,186.4498689,236.62675,289.2024242,,,,,,,-,960.56,960.56
8,1713,1371.854631,367.8300111,1371.854631,96,22,22,44,960.3,960.3,-,43258.11,100549.31,8801.38918012012,4,367.8300111,618.8361661,869.842321,1120.848476,1371.854631,,,,,,,135.6004037,183.9632298,233.4189703,285.3683304,,,,,,,-,960.3,960.3
9,1787,1368.865677,388.0422703,1368.865677,96,22,22,44,958.21,958.21,-,38660.56,87827.56,9041.31368372134,4,388.0422703,633.248122,878.4539737,1123.659825,1368.865677,,,,,,,137.2511923,184.6393041,232.9793257,283.9978235,,,,,,,-,958.21,958.21
10,1788,1367.490215,379.6869855,1367.490215,96,22,22,44,957.24,957.24,-,45176.33,111759.7,9263.26779338251,4,379.6869855,626.6377928,873.5886001,1120.539407,1367.490215,,,,,,,139.1348316,186.6902548,235.5375974,286.2231857,,,,,,,-,957.24,957.24
11,1792,1364.34218,380.2724731,0,-96,22,22,44,955.04,955.04,-,50647.91,112239.04,9837.78186313956,4,380.2724731,626.2898998,872.3073265,1118.324753,1364.34218,,,,,,,147.4136148,197.4295255,248.7451011,302.3640425,,,,,,,-,955.04,955.04
12,1664,1350.315528,400.0886124,0,-96,22,22,44,945.22,945.22,-,46481.97,108400.46,10100.8835097968,4,400.0886124,637.6453413,875.2020703,1112.758799,1350.315528,,,,,,,149.2345253,198.5083571,249.1882143,302.6486721,,,,,,,-,945.22,945.22
13,1782,1350.195131,322.4999693,1350.195131,96,22,22,44,945.14,945.14,-,41350.75,102448.29,7593.49508303699,4,322.4999693,579.4237597,836.3475501,1093.271341,1350.195131,,,,,,,124.2233015,173.3444721,223.6824749,276.9867204,,,,,,,-,945.14,945.14
14,1663,1346.776835,396.1972762,0,-96,22,22,44,942.74,942.74,-,51623.24,121214.79,10326.0825341106,4,396.1972762,633.8421658,871.4870555,1109.131945,1346.776835,,,,,,,151.1245217,200.1896264,250.6542578,302.9158931,,,,,,,-,942.74,942.74
15,1662,1328.478111,340.3566371,0,-96,22,22,44,929.93,929.93,-,51649.22,121403.6,9318.94981895555,4,340.3566371,587.3870055,834.417374,1081.447742,1328.478111,,,,,,,142.2450857,192.5449918,244.1309436,297.0370904,,,,,,,-,929.93,929.93
16,1822,1322.328673,315.0437021,1322.328673,96,22,22,44,925.63,925.63,-,41151.06,102090.74,7427.05764341116,4,315.0437021,566.8649447,818.6861873,1070.50743,1322.328673,,,,,,,120.6876038,167.9517772,216.4169133,267.6061902,,,,,,,-,925.63,925.63
17,1823,1311.319905,334.7514353,1311.319905,96,22,22,44,917.92,917.92,-,41251.26,104489.3,7403.60429405392,4,334.7514353,578.8935528,823.0356703,1067.177788,1311.319905,,,,,,,117.1498381,161.2200036,206.6255529,254.6005184,,,,,,,-,917.92,917.92
18,1726,1303.803017,296.8524196,1303.803017,96,22,22,44,912.66,912.66,-,40334.22,101912.78,8022.28163811748,4,296.8524196,548.5900689,800.3277182,1052.065367,1303.803017,,,,,,,129.2259498,179.2860271,230.5181933,282.9955778,,,,,,,-,912.66,912.66
19,1641,1303.345669,327.9225955,1303.345669,96,22,22,44,912.34,912.34,-,40205.01,102143.99,7988.23225549501,4,327.9225955,571.7783638,815.6341321,1059.4899,1303.345669,,,,,,,122.813101,166.6560315,211.5156952,257.4678723,,,,,,,-,912.34,912.34
20,1725,1301.474908,302.1071904,1301.474908,96,22,22,44,911.03,911.03,-,41078.35,100849.04,7650.40759282046,4,302.1071904,551.9491197,801.7910491,1051.632978,1301.474908,,,,,,,121.8606321,168.0889914,215.2955705,263.6384097,,,,,,,-,911.03,911.03
21,1642,1295.13969,345.6931492,1295.13969,96,22,22,44,906.6,906.6,-,39690.64,96266.05,8484.7321218902,4,345.6931492,583.0547843,820.4164194,1057.778054,1295.13969,,,,,,,128.4688261,172.866383,218.2330214,264.8839037,,,,,,,-,906.6,906.6
22,1789,1284.97257,360.7948666,1284.97257,96,22,22,44,899.48,899.48,-,46273.31,109349.13,9255.65266904964,4,360.7948666,591.8392924,822.8837183,1053.928144,1284.97257,,,,,,,135.7768826,179.9381429,225.1298435,271.4653546,,,,,,,-,899.48,899.48
23,1694,993.9459784,463.5964617,993.9459784,96,20,20,40,695.76,695.76,-,26618.48,74357.59,10009.1410108383,4,463.5964617,596.1838409,728.7712201,861.3585993,993.9459784,,,,,,,126.5301268,154.2939316,184.3350007,217.185995,,,,,,,-,695.76,695.76
24,1692,987.9265325,446.8165943,987.9265325,96,20,20,40,691.55,691.55,-,25520.31,67108.63,9743.94092797772,4,446.8165943,582.0940789,717.3715634,852.649048,987.9265325,,,,,,,124.0969603,152.0722018,182.3431988,215.5867771,,,,,,,-,691.55,691.55
25,1693,983.4543401,442.8277843,0,-96,20,20,40,688.42,688.42,-,23210.86,57751.24,9718.6760894777,4,442.8277843,577.9844232,713.1410622,848.2977012,983.4543401,,,,,,,125.1542486,153.9221413,184.2067181,216.8209627,,,,,,,-,688.42,688.42
26,1845,979.8411473,369.2558217,0,-96,20,20,40,685.89,685.89,-,27581.9,80847.62,9278.54580737237,4,369.2558217,521.9021531,674.5484845,827.1948159,979.8411473,,,,,,,121.7126303,152.7229518,187.2143804,225.8254473,,,,,,,-,685.89,685.89
27,1622,971.9105521,304.4237129,0,-96,20,20,40,680.34,680.34,-,20634.42,60818.87,8378.28938587224,4,304.4237129,471.2954227,638.1671325,805.0388423,971.9105521,,,,,,,121.4185648,160.6839303,203.0355657,269.2799283,,,,,,,-,680.34,680.34
28,1843,970.5704912,378.036659,0,-96,20,20,40,679.4,679.4,-,24734.17,60652.16,9388.33075676587,4,378.036659,526.1701171,674.3035751,822.4370332,970.5704912,,,,,,,122.9970765,153.6413122,186.9847958,224.2439166,,,,,,,-,679.4,679.4
29,1846,966.6767469,477.2113011,966.6767469,96,20,20,40,676.67,676.67,-,26790.89,66162.26,10257.8835835854,4,477.2113011,599.5776625,721.944024,844.3103855,966.6767469,,,,,,,127.3996626,153.3437007,181.1667072,211.2873621,,,,,,,-,676.67,676.67
30,1621,962.4499033,370.6547756,0,-96,20,20,40,673.71,673.71,-,24105.62,68416.52,9378.74472972872,4,370.6547756,518.6035575,666.5523395,814.5011214,962.4499033,,,,,,,122.755236,153.1180744,186.0714401,222.7649858,,,,,,,-,673.71,673.71
31,1844,960.5616977,405.4174098,0,-96,20,20,40,672.39,672.39,-,23019.98,50034.4,9513.88244874765,4,405.4174098,544.2034818,682.9895538,821.7756257,960.5616977,,,,,,,122.1446488,150.3325485,180.9337926,215.9852569,,,,,,,-,672.39,672.39
32,1776,946.5075244,423.9544368,0,-96,20,20,40,662.56,662.56,-,17692.25,42171.9,9109.62765957977,4,423.9544368,554.5927087,685.2309806,815.8692525,946.5075244,,,,,,,125.1376955,160.5174447,199.222001,289.5960481,,,,,,,-,662.56,662.56
33,1732,944.9893469,347.1941547,0,-96,20,20,40,661.49,661.49,-,20572.02,55227.33,8355.07606377341,4,347.1941547,496.6429527,646.0917508,795.5405488,944.9893469,,,,,,,117.4543851,153.1591215,192.4664991,262.6202791,,,,,,,-,661.49,661.49
34,1670,944.3458692,358.0303576,0,-96,20,20,40,661.04,661.04,-,18874.56,50353.34,8277.79945726699,4,358.0303576,504.6092355,651.1881134,797.7669913,944.3458692,,,,,,,114.6082886,147.6061511,183.5957919,250.2904876,,,,,,,-,661.04,661.04
35,1707,941.4528999,369.9729023,0,-96,20,20,40,659.02,659.02,-,19796.44,53685.93,8806.01938414661,4,369.9729023,512.8429017,655.7129011,798.5829005,941.4528999,,,,,,,120.192155,153.4938121,189.5797891,257.5835226,,,,,,,-,659.02,659.02
36,1832,939.8508423,299.7021596,0,-96,20,20,40,657.9,657.9,-,15924.62,41598.12,7679.25012049479,4,299.7021596,459.7393303,619.776501,779.8136717,939.8508423,,,,,,,110.3201632,144.9759774,183.3211501,266.8290307,,,,,,,-,657.9,657.9
37,1669,939.172231,339.9749823,0,-96,20,20,40,657.42,657.42,-,19632.09,52439.14,8086.28666719555,4,339.9749823,489.7742945,639.5736066,789.3729188,939.172231,,,,,,,112.1119359,144.6169964,180.3874532,248.9152586,,,,,,,-,657.42,657.42
38,1623,936.6416021,283.9204324,0,-96,20,20,40,655.65,655.65,-,14202.1,38660.09,7780.73704104547,4,283.9204324,447.1007248,610.2810172,773.4613096,936.6416021,,,,,,,115.0347111,153.4942018,196.0688599,300.6541348,,,,,,,-,655.65,655.65
39,1730,935.6919912,279.02117,0,-96,20,20,40,654.98,654.98,-,18410.11,54376.34,7730.82734178277,4,279.02117,443.1888753,607.3565806,771.5242859,935.6919912,,,,,,,111.9447864,148.070885,188.2630608,273.7477226,,,,,,,-,654.98,654.98
40,1638,934.590158,434.3926723,0,-96,20,20,40,654.21,654.21,-,22013.18,48379.63,9703.91941671167,4,434.3926723,559.4420437,684.4914152,809.5407866,934.590158,,,,,,,121.5918987,147.2712987,175.1336986,206.8184094,,,,,,,-,654.21,654.21
41,1831,934.4034969,353.7584491,0,-96,20,20,40,654.08,654.08,-,20517.96,54454.28,8060.11592700443,4,353.7584491,498.9197111,644.080973,789.242235,934.4034969,,,,,,,110.4260604,141.3333697,174.6953354,224.2625521,,,,,,,-,654.08,654.08
42,1728,933.7974528,389.1206517,0,-96,20,20,40,653.66,653.66,-,17166.95,36116.6,8312.23839666391,4,389.1206517,525.289852,661.4590522,797.6282525,933.7974528,,,,,,,113.874855,146.2548352,183.2550696,281.1742371,,,,,,,-,653.66,653.66
43,1620,932.4109739,349.2280962,0,-96,20,20,40,652.69,652.69,-,19846.51,55212.39,8487.57369433611,4,349.2280962,495.0238156,640.8195351,786.6152545,932.4109739,,,,,,,117.2523346,150.7888876,186.8986528,248.0035354,,,,,,,-,652.69,652.69
44,1731,931.6392449,352.7892906,0,-96,20,20,40,652.15,652.15,-,18326.35,46504.89,8122.9059283238,4,352.7892906,497.5017791,642.2142677,786.9267563,931.6392449,,,,,,,114.1530959,148.2380274,185.2823361,259.069678,,,,,,,-,652.15,652.15
45,1729,930.3451995,385.0138433,0,-96,20,20,40,651.24,651.24,-,23720.09,56334.11,9774.86230589569,4,385.0138433,521.3466824,657.6795214,794.0123605,930.3451995,,,,,,,126.6933052,156.5792891,188.1501856,222.4408873,,,,,,,-,651.24,651.24
46,1775,929.8970167,309.9000047,0,-96,20,20,40,650.93,650.93,-,17042.27,43647.17,7580.66975341019,4,309.9000047,464.8992577,619.8985107,774.8977637,929.8970167,,,,,,,109.9372431,145.6427096,185.6857313,277.9483798,,,,,,,-,650.93,650.93
47,1733,929.5538111,313.9141028,0,-96,20,20,40,650.69,650.69,-,16124.41,38598.73,7545.54179875728,4,313.9141028,467.8240299,621.7339569,775.643884,929.5538111,,,,,,,108.657347,143.106641,181.4300718,269.44384,,,,,,,-,650.69,650.69
48,1706,926.6099814,304.5405751,0,-96,20,20,40,648.63,648.63,-,16189.46,43182.83,8057.57705314624,4,304.5405751,460.0579267,615.5752783,771.0926298,926.6099814,,,,,,,118.7041771,158.3227298,201.7668539,301.6029657,,,,,,,-,648.63,648.63
49,1637,925.6917278,419.6139953,0,-96,20,20,40,647.98,647.98,-,23433.67,68497.96,9412.71847493466,4,419.6139953,546.1334284,672.6528615,799.1722946,925.6917278,,,,,,,119.9016006,146.6377717,175.0695909,205.4951297,,,,,,,-,647.98,647.98
50,1639,918.4293534,383.8955415,0,-96,20,20,40,642.9,642.9,-,23526.84,70268.97,9429.27742104253,4,383.8955415,517.5289944,651.1624474,784.7959004,918.4293534,,,,,,,121.5275149,149.9200361,180.3100197,213.1217408,,,,,,,-,642.9,642.9
51,1695,912.8145332,456.4138392,0,-96,20,20,40,638.97,638.97,-,22993.16,51533.12,10276.5618804156,4,456.4138392,570.5140127,684.6141862,798.7143597,912.8145332,,,,,,,126.2699766,150.5782977,176.4141191,204.8377554,,,,,,,-,638.97,638.97
52,1640,912.4740904,350.8382579,0,-96,20,20,40,638.73,638.73,-,22839.28,57112.36,9664.04016698627,4,350.8382579,491.247216,631.6561742,772.0651323,912.4740904,,,,,,,126.3960745,157.21768,189.8756767,225.2840379,,,,,,,-,638.73,638.73
53,1705,908.2673123,358.3882269,0,-96,20,20,40,635.79,635.79,-,20170.73,43285.9,8061.57231096648,4,358.3882269,495.8579983,633.3277696,770.797541,908.2673123,,,,,,,112.402472,145.1565202,180.9579685,260.6351855,,,,,,,-,635.79,635.79
54,1668,907.0789637,320.7189095,0,-96,20,20,40,634.96,634.96,-,18162.41,45142.5,7465.05959004876,4,320.7189095,467.308923,613.8989366,760.4889501,907.0789637,,,,,,,104.3967642,134.9922249,167.809348,216.677334,,,,,,,-,634.96,634.96
55,1704,903.2911514,362.6399517,0,-96,20,20,40,632.3,632.3,-,17110.07,37788.35,7911.08731083017,4,362.6399517,497.8027516,632.9655515,768.1283514,903.2911514,,,,,,,108.2708424,138.3369982,171.5069272,245.9893023,,,,,,,-,632.3,632.3
56,1610,700,179.8139546,0,-96,20,20,40,490,490,-,16889.4,28512.11,5053.72688135064,4,179.8139546,309.8604659,439.9069773,569.9534886,700,,,,,,,80.01620024,111.3067426,144.3448822,191.3276714,,,,,,,-,490,490
57,1685,700,240.1231765,0,-96,20,20,40,490,490,-,45210.47,77520.83,8711.61434655348,4,240.1231765,355.0923824,470.0615882,585.0307941,700,,,,,,,118.6984615,151.9737375,186.8961889,230.6215733,,,,,,,-,490,490
58,1682,684.4657071,209.9442663,0,-96,20,20,40,479.13,479.13,-,29094.53,63533.38,7986.32278057273,4,209.9442663,328.5746265,447.2049867,565.8353469,684.4657071,,,,,,,111.3629166,145.5095433,181.7830901,229.9047052,,,,,,,-,479.13,479.13
59,1609,670,240.4438107,0,-96,20,20,40,469,469,-,43101.14,72836.03,8107.08132721714,4,240.4438107,347.832858,455.2219053,562.6109527,670,,,,,,,110.5356857,141.5993232,175.7224234,236.5602566,,,,,,,-,469,469
60,1683,610,310.6396166,0,-96,20,20,40,427,427,-,42740.42,64781.29,9873.41937672679,4,310.6396166,385.4797125,460.3198083,535.1599042,610,,,,,,,119.2482571,141.0051752,165.2457415,190.8782572,,,,,,,-,427,427
61,1684,610,310.8263512,0,-96,20,20,40,427,427,-,36087.33,58928.88,9577.8083115378,4,310.8263512,385.6197634,460.4131756,535.2065878,610,,,,,,,115.6202499,136.7495809,160.7115411,187.0986256,,,,,,,-,427,427
62,1799,605,295.7968904,0,-96,20,20,40,423.5,423.5,-,38174.69,58363.13,8553.07251043374,4,295.7968904,373.0976678,450.3984452,527.6992226,605,,,,,,,105.2056929,126.0007454,149.6339593,174.8664722,,,,,,,-,423.5,423.5
63,1795,597.7497834,196.1539187,0,-96,18,18,36,418.42,418.42,-,22903.2,50648.68,7539.19195757947,4,196.1539187,296.5528849,396.9518511,497.3508173,597.7497834,,,,,,,105.7538652,136.9148255,169.1018649,203.6101298,,,,,,,-,418.42,418.42
64,1825,595,225,0,-96,18,18,36,416.5,416.5,-,28265.04,57752.42,8437.46738516268,4,225,317.5,410,502.5,595,,,,,,,112.0453275,140.6560321,170.4403174,203.6939106,,,,,,,-,416.5,416.5
65,1745,585,251.8699142,0,-96,18,18,36,409.5,409.5,-,35916.58,73532.67,7576.05757254894,4,251.8699142,335.1524356,418.4349571,501.7174785,585,,,,,,,96.96146258,120.3676644,149.5674994,179.8259897,,,,,,,-,409.5,409.5
66,1746,585,261.9311519,0,-96,18,18,36,409.5,409.5,-,36111.75,70719.66,8335.07204131243,4,261.9311519,342.6983639,423.4655759,504.232788,585,,,,,,,106.0872594,132.3660702,168.5252474,207.3079511,,,,,,,-,409.5,409.5
67,1796,584.7359114,199.9838323,0,-96,18,18,36,409.32,409.32,-,20131.3,43087.49,7264.56588868923,4,199.9838323,296.1718521,392.3598719,488.5478916,584.7359114,,,,,,,101.6358879,131.4243443,164.1651778,200.0415157,,,,,,,-,409.32,409.32
68,1793,584.6826662,223.6309881,0,-96,18,18,36,409.28,409.28,-,13583.08,30417.82,7190.09346033487,4,223.6309881,313.8939076,404.1568272,494.4197467,584.6826662,,,,,,,97.8525023,124.5010325,155.974297,193.4767469,,,,,,,-,409.28,409.28
69,1794,584.6641324,186.7372102,0,-96,18,18,36,409.26,409.26,-,16890.76,37987.76,7036.84193418415,4,186.7372102,286.2189407,385.7006713,485.1824018,584.6641324,,,,,,,100.7274319,131.8120092,164.2350228,197.8875501,,,,,,,-,409.26,409.26
70,1727,457.9758322,148.2883955,0,-96,16,16,32,320.58,320.58,-,5529.31,8755.57,2850.3526143688,4,148.2883955,225.7102547,303.1321139,380.553973,457.9758322,,,,,,,125.2866084,240.5698225,364.5573517,500.517234,,,,,,,-,320.58,320.58
71,1743,456.6030327,218.8997659,0,-96,16,16,32,319.62,319.62,-,23255.74,60140.45,6390.93454589585,4,218.8997659,278.3255826,337.7513993,397.177216,456.6030327,,,,,,,77.06659466,90.60568707,104.5933468,119.0744424,,,,,,,-,319.62,319.62
72,1697,451,243.9668448,0,-96,16,16,32,315.7,315.7,-,24332.91,66334.41,8470.10133184933,4,243.9668448,295.7251336,347.4834224,399.2417112,451,,,,,,,98.40230526,112.5683439,127.9501917,143.9070451,,,,,,,-,315.7,315.7
73,1826,442.4496444,132.258855,0,-96,16,16,32,309.71,309.71,-,22646.49,56684.73,5689.50305299118,4,132.258855,209.8065523,287.3542497,364.9019471,442.4496444,,,,,,,85.42992078,114.6451242,145.9376381,178.3904998,,,,,,,-,309.71,309.71
74,1827,441.7848879,138.1036108,0,-96,16,16,32,309.25,309.25,-,12246.86,29601.71,5899.02623368769,4,138.1036108,214.0239301,289.9442493,365.8645686,441.7848879,,,,,,,82.96451147,107.5900457,137.220711,168.1459012,,,,,,,-,309.25,309.25
75,1801,435.695496,237.9828821,0,-96,16,16,32,304.99,304.99,-,27669.54,74010.57,8288.28371119351,4,237.9828821,287.4110355,336.839189,386.2673425,435.695496,,,,,,,94.94963488,107.2044932,119.7629497,132.7033875,,,,,,,-,304.99,304.99
76,1699,432.1000446,274.170076,0,-96,16,16,32,302.47,302.47,-,18982.64,48309.12,9769.4127054447,4,274.170076,313.6525682,353.1350603,392.6175524,432.1000446,,,,,,,109.0310237,122.2714044,141.46006,161.1464798,,,,,,,-,302.47,302.47
77,1768,413.7417356,217.576,0,-96,16,16,32,289.62,289.62,-,18158.48,45633.11,9082.3174825231,4,217.576,266.6174339,315.6588678,364.7003017,413.7417356,,,,,,,105.3085771,119.9724972,134.9409478,150.6015194,,,,,,,-,289.62,289.62
78,1780,310.5005808,175.6372638,0,-96,12,12,24,217.35,217.35,-,24742.19,50319.32,7315.92818731409,4,175.6372638,209.353093,243.0689223,276.7847515,310.5005808,,,,,,,83.48547088,94.27959251,106.4106891,120.2791313,,,,,,,-,217.35,217.35
79,1627,301.1604622,138.371501,0,-96,12,12,24,210.81,210.81,-,10951.88,26869.36,3650.07083568762,4,138.371501,179.0687413,219.7659816,260.4632219,301.1604622,,,,,,,46.08985251,56.15209776,67.41590894,80.28496308,,,,,,,-,210.81,210.81
80,1781,298.5393409,179.5224914,0,-96,12,12,24,208.98,208.98,-,24872.78,42214.98,5562.60600788166,4,179.5224914,209.2767038,239.0309162,268.7851285,298.5393409,,,,,,,62.32972182,69.50225034,79.28788617,91.01601388,,,,,,,-,208.98,208.98
81,1824,284.1389058,173.9805097,0,-96,12,12,24,198.9,198.9,-,29615.94,47620.29,4409.2684695653,4,173.9805097,201.5201088,229.0597078,256.5993068,284.1389058,,,,,,,50.12964718,56.47642514,65.7425736,76.1174484,,,,,,,-,198.9,198.9
82,1851,267.957993,144.4200679,0,-96,12,12,24,187.57,187.57,-,34034.8,57162.4,4029.84557311102,4,144.4200679,175.3045492,206.1890305,237.0735117,267.957993,,,,,,,46.98718813,54.18515944,65.04107641,78.01401903,,,,,,,-,187.57,187.57
83,1850,267.4415822,149.6938486,0,-96,12,12,24,187.21,187.21,-,36385.56,59539.25,4023.2058440827,4,149.6938486,179.130782,208.5677154,238.0046488,267.4415822,,,,,,,46.80391411,53.84594901,62.38965451,72.88131431,,,,,,,-,187.21,187.21
84,1634,259.5106222,154.4921864,0,-96,12,12,24,181.66,181.66,-,27035.93,49879.8,5081.22236443131,4,154.4921864,180.7467954,207.0014043,233.2560133,259.5106222,,,,,,,57.45755051,64.35628416,73.95823465,83.99677176,,,,,,,-,181.66,181.66
85,1744,258.1740218,152.6215386,0,-96,12,12,24,180.72,180.72,-,39793.28,68350.6,4540.89379316732,4,152.6215386,179.0096594,205.3977802,231.785901,258.1740218,,,,,,,51.87123113,58.50646399,66.54671107,74.84840635,,,,,,,-,180.72,180.72
86,1624,250.6031212,172.7635767,0,-96,12,12,24,175.42,175.42,-,28323.43,49523.28,4644.06836345648,4,172.7635767,192.2234628,211.6833489,231.143235,250.6031212,,,,,,,50.68274487,55.151762,61.80118938,69.67568671,,,,,,,-,175.42,175.42
87,1626,249.4752848,155.3799726,0,-96,12,12,24,174.63,174.63,-,17839.29,33125.38,3985.76344539843,4,155.3799726,178.9038006,202.4276287,225.9514567,249.4752848,,,,,,,44.6331946,49.75932827,58.54182557,69.38012216,,,,,,,-,174.63,174.63
88,1625,248.8417795,160.3313086,0,-96,12,12,24,174.19,174.19,-,35610.32,58661.44,4309.74943228933,4,160.3313086,182.4589263,204.5865441,226.7141618,248.8417795,,,,,,,47.56484787,52.32323156,59.77794507,68.89872884,,,,,,,-,174.19,174.19
89,1702,246.2952763,68.95918904,0,-96,12,12,24,172.41,172.41,-,7782.16,17078.48,2493.95234260078,4,68.95918904,113.2932109,157.6272327,201.9612545,246.2952763,,,,,,,37.07224128,49.95939193,63.36349037,77.21262379,,,,,,,-,172.41,172.41
90,1765,245.539996,166.2502526,0,-96,12,12,24,171.88,171.88,-,33021.32,58190.88,5519.83212322872,4,166.2502526,186.0726884,205.8951243,225.7175601,245.539996,,,,,,,60.046979,65.09018741,73.45411886,82.26707852,,,,,,,-,171.88,171.88
91,1766,244.3076699,170.9208875,0,-96,12,12,24,171.02,171.02,-,26622.46,45617.39,5634.78865909189,4,170.9208875,189.2675831,207.6142787,225.9609743,244.3076699,,,,,,,61.10581111,66.15747345,74.54664036,83.51412303,,,,,,,-,171.02,171.02
92,1798,241.7601022,108.7169096,0,-96,12,12,24,169.23,169.23,-,12204.99,24023.08,3593.95893400967,4,108.7169096,141.9777077,175.2385059,208.4993041,241.7601022,,,,,,,45.2081753,54.9065407,65.01437327,79.81061836,,,,,,,-,169.23,169.23
93,1666,236.924251,65.27660161,0,-96,12,12,24,165.85,165.85,-,7379.96,15833.2,2247.51394883028,4,65.27660161,108.1885139,151.1004263,194.0123386,236.924251,,,,,,,33.39471193,44.99810255,57.06846207,69.51836423,,,,,,,-,165.85,165.85
94,1703,236.4226857,67.27701309,0,-96,12,12,24,165.5,165.5,-,7587.16,15551.2,2540.31431267761,4,67.27701309,109.5634312,151.8498494,194.1362676,236.4226857,,,,,,,36.78809124,48.93373762,61.60609769,74.71455915,,,,,,,-,165.5,165.5
95,1667,232.7176375,83.40625891,0,-96,12,12,24,162.9,162.9,-,8593.83,16430.57,3080.10270018037,4,83.40625891,120.7341035,158.0619482,195.3897928,232.7176375,,,,,,,41.30368912,52.46278488,64.07728515,76.09869308,,,,,,,-,162.9,162.9
96,1734,228.2179359,158.4681215,0,-96,12,12,24,159.75,159.75,-,13500.51,20035.69,6656.699846,4,158.4681215,175.9055751,193.3430287,210.7804823,228.2179359,,,,,,,72.65767969,78.76442262,84.90507391,96.61384731,,,,,,,-,159.75,159.75
97,1772,226.1306831,64.41638316,0,-96,12,12,24,158.29,158.29,-,7212.31,15052.51,2488.24214106132,4,64.41638316,104.8449581,145.2735331,185.7021081,226.1306831,,,,,,,36.70144017,49.09863175,61.96661122,75.20754448,,,,,,,-,158.29,158.29
98,1773,225.7067826,63.6203942,0,-96,12,12,24,157.99,157.99,-,7458.48,15898.68,2520.28355553462,4,63.6203942,104.1419913,144.6635884,185.1851855,225.7067826,,,,,,,36.34659467,48.03675456,60.26529771,72.92263039,,,,,,,-,157.99,157.99
99,1771,225.5170806,65.27203517,0,-96,12,12,24,157.86,157.86,-,7918.85,16937.19,2651.1173948479,4,65.27203517,105.3332965,145.3945579,185.4558192,225.5170806,,,,,,,38.10773061,50.30501003,62.99834542,76.130163,,,,,,,-,157.86,157.86
100,1774,225.3280847,46.90886622,0,-96,12,12,24,157.73,157.73,-,5294.99,13134.51,1405.62696274782,4,46.90886622,91.51367084,136.1184755,180.7232801,225.3280847,,,,,,,26.06799211,38.87254605,52.13912078,65.74600757,,,,,,,-,157.73,157.73
101,1757,224.1860391,148.097843,0,-96,12,12,24,156.93,156.93,-,9524.69,13464.32,6429.3164311458,4,148.097843,167.119892,186.141941,205.1639901,224.1860391,,,,,,,70.35468868,76.42954314,82.53227521,95.39600474,,,,,,,-,156.93,156.93
102,1811,178.9422095,51.97792179,0,-96,10,10,20,125.26,125.26,-,3023.67,6797.08,1957.61385279441,4,51.97792179,83.71899372,115.4600657,147.2011376,178.9422095,,,,,,,29.74814918,40.14959428,51.33564508,64.16802186,,,,,,,-,125.26,125.26
103,1848,177.9685753,102.2856018,0,-96,10,10,20,124.58,124.58,-,8031.95,16692.14,4045.44747459786,4,102.2856018,121.2063452,140.1270885,159.0478319,177.9685753,,,,,,,45.93278349,51.69209577,57.96849386,64.45569217,,,,,,,-,124.58,124.58
104,1809,177.916864,50.96968651,0,-96,10,10,20,124.54,124.54,-,3850.64,9039.51,1226.67138504194,4,50.96968651,82.70648088,114.4432753,146.1800696,177.916864,,,,,,,20.92069438,29.9708994,40.06711396,53.2620891,,,,,,,-,124.54,124.54
105,1849,177.8492116,102.8758259,0,-96,10,10,20,124.49,124.49,-,8923.51,18752.91,4456.29307708329,4,102.8758259,121.6191723,140.3625187,159.1058652,177.8492116,,,,,,,50.70044945,56.91697842,63.58595419,70.37029765,,,,,,,-,124.49,124.49
106,1769,176.844376,36.17395513,0,-96,10,10,20,123.79,123.79,-,7164.46,9244.25,1188.64476418522,4,36.17395513,71.34156034,106.5091656,141.6767708,176.844376,,,,,,,22.71438466,33.68110284,45.54315756,60.09524252,,,,,,,-,123.79,123.79
107,1847,175.9555627,110.7232783,0,-96,10,10,20,123.17,123.17,-,9387.83,19322.01,4770.29048365712,4,110.7232783,127.0313494,143.3394205,159.6474916,175.9555627,,,,,,,52.47265596,57.36708086,62.75311276,68.21004624,,,,,,,-,123.17,123.17
108,1810,175.8334167,49.25160892,0,-96,10,10,20,123.08,123.08,-,5887.05,14207.02,1516.39758389241,4,49.25160892,80.89706086,112.5425128,144.1879648,175.8334167,,,,,,,24.12747889,33.30414083,43.28702456,55.39704392,,,,,,,-,123.08,123.08
109,1812,174.8276486,39.99284856,0,-96,10,10,20,122.38,122.38,-,4888.3,11907.71,1106.3181866053,4,39.99284856,73.70154857,107.4102486,141.1189486,174.8276486,,,,,,,21.51243367,32.31059361,43.71946297,56.0805735,,,,,,,-,122.38,122.38
110,1770,171.5208194,25.0900694,0,-96,10,10,20,120.06,120.06,-,10503.1,12492.24,1164.22957115265,4,25.0900694,61.69775691,98.30544442,134.9131319,171.5208194,,,,,,,23.17125058,34.85841266,47.19027315,60.37149206,,,,,,,-,120.06,120.06
111,1701,168.3091648,89.68662744,0,-96,10,10,20,117.82,117.82,-,8329.77,20326.87,3611.94895940104,4,89.68662744,109.3422618,128.9978961,148.6535305,168.3091648,,,,,,,42.52469347,49.01367056,55.74102008,62.64050712,,,,,,,-,117.82,117.82
112,1736,168.2854541,46.12008365,0,-96,10,10,20,117.8,117.8,-,3210.29,7813.53,2412.84697808843,4,46.12008365,76.66142625,107.2027689,137.7441115,168.2854541,,,,,,,37.75746902,51.67305435,66.34481809,83.04436292,,,,,,,-,117.8,117.8
113,1740,168.0382378,41.10800228,0,-96,10,10,20,117.63,117.63,-,3451.45,8489.21,2298.47195064552,4,41.10800228,72.84056117,104.5731201,136.3056789,168.0382378,,,,,,,37.38657953,52.03198194,67.56303104,85.02431673,,,,,,,-,117.63,117.63
114,1741,168.0032488,45.39703491,0,-96,10,10,20,117.6,117.6,-,3021.52,6106.48,1614.91577204995,4,45.39703491,76.04858839,106.7001419,137.3516954,168.0032488,,,,,,,25.34466282,34.70139051,45.03544956,57.8252357,,,,,,,-,117.6,117.6
115,1700,167.4818801,90.15496598,0,-96,10,10,20,117.24,117.24,-,4952.7,10383.64,3977.73373439835,4,90.15496598,109.4866945,128.818423,148.1501515,167.4818801,,,,,,,46.88256122,54.25502449,62.0715908,70.15921269,,,,,,,-,117.24,117.24
116,1735,166.7186834,40.81003776,0,-96,10,10,20,116.7,116.7,-,3680.33,7700.01,1749.7109080231,4,40.81003776,72.28719916,103.7643606,135.241522,166.7186834,,,,,,,28.67274292,39.98931569,52.1236915,65.89013894,,,,,,,-,116.7,116.7
117,1742,166.3946378,50.06659147,0,-96,10,10,20,116.48,116.48,-,3180.94,6201.91,1898.0587846098,4,50.06659147,79.14860305,108.2306146,137.3126262,166.3946378,,,,,,,28.31481584,37.79449832,48.06133598,61.41088269,,,,,,,-,116.48,116.48
118,1739,166.001182,51.14976073,0,-96,10,10,20,116.2,116.2,-,3241.07,7163.68,2206.51677010982,4,51.14976073,79.86261603,108.5754713,137.2883266,166.001182,,,,,,,33.9295275,46.00339143,58.96419463,75.59566612,,,,,,,-,116.2,116.2
119,1738,165.828234,45.51572196,0,-96,10,10,20,116.08,116.08,-,3600.34,7530.29,1593.15854377005,4,45.51572196,75.59384998,105.671978,135.750106,165.828234,,,,,,,25.61122583,35.49789724,46.25847799,59.84780475,,,,,,,-,116.08,116.08
120,1737,165.1713037,48.32362767,0,-96,10,10,20,115.62,115.62,-,3359.11,6942.67,2086.52816187145,4,48.32362767,77.53554668,106.7474657,135.9593847,165.1713037,,,,,,,32.17489317,43.64989841,55.79415988,70.88929414,,,,,,,-,115.62,115.62
121,1840,157.4398465,40.39662412,0,-96,10,10,20,110.21,110.21,-,5354.29,9788.44,2280.73833187793,4,40.39662412,69.65742971,98.91823529,128.1790409,157.4398465,,,,,,,35.77367591,48.93235367,62.84102726,78.48699547,,,,,,,-,110.21,110.21
122,1842,156.7208176,40.82519722,0,-96,10,10,20,109.7,109.7,-,4731.78,9624.43,2309.42937486462,4,40.82519722,69.79910231,98.7730074,127.7469125,156.7208176,,,,,,,35.70862717,48.50388148,61.98646184,76.51606534,,,,,,,-,109.7,109.7
123,1841,156.1015345,46.83910177,0,-96,10,10,20,109.27,109.27,-,5600.83,8376.62,1806.05222590335,4,46.83910177,74.15470994,101.4703181,128.7859263,156.1015345,,,,,,,27.11668766,36.22593154,45.97577744,58.68512803,,,,,,,-,109.27,109.27
124,1839,153.376179,37.77255067,0,-96,10,10,20,107.36,107.36,-,7600.55,10548.17,1858.35647046075,4,37.77255067,66.67345775,95.57436482,124.4752719,153.376179,,,,,,,29.56323489,40.61404924,52.04338337,64.92531558,,,,,,,-,107.36,107.36
125,1628,153.2273564,97.94067087,0,-96,10,10,20,107.26,107.26,-,4645.47,7133.48,5679.46640865906,4,97.94067087,111.7623423,125.5840136,139.405685,153.2273564,,,,,,,64.91583685,73.03700962,81.48589852,90.60389239,,,,,,,-,107.26,107.26
126,1681,137.6341904,9.712799612,0,-96,10,10,20,96.34,96.34,-,12839.64,13014.96,802.273004977049,4,9.712799612,41.6931473,73.673495,105.6538427,137.6341904,,,,,,,17.60404422,27.36926023,40.22810177,57.7057598,,,,,,,-,96.34,96.34
127,1855,129.8974758,28.14699375,0,-96,10,10,20,90.93,90.93,-,14438.62,16776.19,1696.9679144958,4,28.14699375,53.58461427,79.02223479,104.4598553,129.8974758,,,,,,,28.88781789,41.4868181,56.314945,74.97367782,,,,,,,-,90.93,90.93
128,1856,126.0594614,31.06859712,0,-96,10,10,20,88.24,88.24,-,11349.29,14489,1935.74466096395,4,31.06859712,54.8163132,78.56402927,102.3117453,126.0594614,,,,,,,30.13228843,41.61157715,57.31710844,82.02110853,,,,,,,-,88.24,88.24
129,1821,123.9279848,32.68146398,0,-96,10,10,20,86.75,86.75,-,12552.85,15222.49,2110.20803333523,4,32.68146398,55.49309418,78.30472439,101.1163546,123.9279848,,,,,,,31.8890582,43.25665339,56.36076879,76.51370917,,,,,,,-,86.75,86.75
130,97,123.0771022,32.48920515,0,-96,10,10,20,86.15,86.15,-,13160,15752.55,2067.12255240295,4,32.48920515,55.13617941,77.78315366,100.4301279,123.0771022,,,,,,,31.28491118,42.45777217,55.4927389,75.7631154,,,,,,,-,86.15,86.15
131,1680,87.53684764,8.5,0,-96,8,8,16,61.28,61.28,-,6558.2,9819.66,1226.67577231568,4,8.5,28.25921191,48.01842382,67.77763573,87.53684764,,,,,,,26.71555152,41.25567924,56.22557904,75.24023486,,,,,,,-,61.28,61.28
132,1679,86.73020676,11.99039939,0,-96,8,8,16,60.71,60.71,-,6895.8,10342.17,952.224729111687,4,11.99039939,30.67535123,49.36030308,68.04525492,86.73020676,,,,,,,23.13624142,36.81926445,51.50828072,70.28520384,,,,,,,-,60.71,60.71
133,1234,83.96285975,17.4,0,-96,8,8,16,58.77,58.77,-,3853.64,7603.94,2506.68251764706,4,17.4,34.04071494,50.68142987,67.32214481,83.96285975,,,,,,,63.17921184,101.4533997,139.9503801,181.8060098,,,,,,,-,58.77,58.77
134,1619,83.53923717,19.15141276,0,-96,8,8,16,58.48,58.48,-,5715.44,10671.07,1490.97805634409,4,19.15141276,35.24836886,51.34532496,67.44228106,83.53923717,,,,,,,29.51926753,44.43374241,59.75436122,77.08422357,,,,,,,-,58.48,58.48
135,1618,83.12972049,18.4,0,-96,8,8,16,58.19,58.19,-,3605.98,5794.4,1777.53566824547,4,18.4,34.58243012,50.76486025,66.94729037,83.12972049,,,,,,,36.5803393,55.52498145,74.660905,97.02635979,,,,,,,-,58.19,58.19
136,1612,82.53618557,17.2,0,-96,8,8,16,57.78,57.78,-,5808.96,11167.7,2193.23965339553,4,17.2,33.53404639,49.86809279,66.20213918,82.53618557,,,,,,,61.66493617,101.6955566,142.1093972,186.3977101,,,,,,,-,57.78,57.78
137,1830,81.63586271,20.56128133,0,-96,8,8,16,57.15,57.15,-,4665.82,8946.62,3875.30251288254,4,20.56128133,35.82992668,51.09857202,66.36721737,81.63586271,,,,,,,83.15679534,127.7782235,172.6895218,220.3161944,,,,,,,-,57.15,57.15
138,1804,78.06622982,22.43018371,0,-96,8,8,16,54.65,54.65,-,5768.51,10662.45,2548.73715843132,4,22.43018371,36.33919523,50.24820676,64.15721829,78.06622982,,,,,,,43.56391278,61.90255732,81.57077359,105.3678754,,,,,,,-,54.65,54.65
139,1760,76.22617965,23.30269174,0,-96,8,8,16,53.36,53.36,-,5664.06,10817.02,2993.05989242774,4,23.30269174,36.53356372,49.7644357,62.99530767,76.22617965,,,,,,,57.33802763,85.01963782,113.9487185,146.2866152,,,,,,,-,53.36,53.36
140,463,75.83020061,23.77426978,0,-96,8,8,16,53.08,53.08,-,7715.08,15029.01,3531.58740975143,4,23.77426978,36.78825249,49.8022352,62.8162179,75.83020061,,,,,,,79.86704217,124.7874219,170.8507852,219.7599912,,,,,,,-,53.08,53.08
141,1803,75.54523883,27.4139264,0,-96,8,8,16,52.88,52.88,-,8057.71,15280.08,2748.94267841598,4,27.4139264,39.44675451,51.47958262,63.51241072,75.54523883,,,,,,,47.61327764,68.0678097,89.09243586,112.1353453,,,,,,,-,52.88,52.88
142,1802,74.28781072,30.20034254,0,-96,8,8,16,52,52,-,5309.1,10622.61,4316.94553130742,4,30.20034254,41.22220958,52.24407663,63.26594367,74.28781072,,,,,,,76.21743752,109.2886026,143.6360691,182.0472216,,,,,,,-,52,52
143,1677,73.15401699,19.36286388,0,-96,8,8,16,51.21,51.21,-,5118.28,10017.72,2566.54060164156,4,19.36286388,32.81065216,46.25844043,59.70622871,73.15401699,,,,,,,52.08321121,78.73619415,106.2914422,136.75709,,,,,,,-,51.21,51.21
144,1676,71.75432807,22.13785819,0,-96,8,8,16,50.23,50.23,-,6133.69,12342.61,2823.36497511711,4,22.13785819,34.54197566,46.94609313,59.3502106,71.75432807,,,,,,,64.4618502,100.9194912,138.3675845,178.5133704,,,,,,,-,50.23,50.23
145,1678,70.89946616,24.18940848,0,-96,8,8,16,49.63,49.63,-,5888.94,11305.48,3658.4557947181,4,24.18940848,35.8669229,47.54443732,59.22195174,70.89946616,,,,,,,72.91776034,109.4045955,147.3721125,189.7313411,,,,,,,-,49.63,49.63
146,1758,69.43503734,22.84408078,0,-96,8,8,16,48.6,48.6,-,5914.09,11037.36,3837.66598758019,4,22.84408078,34.49181992,46.13955906,57.7872982,69.43503734,,,,,,,73.37169783,108.5410279,144.8214214,184.1712002,,,,,,,-,48.6,48.6
147,1675,67.16598424,28.1295205,0,-96,8,8,16,47.02,47.02,-,8986.84,16980.49,2923.66588472861,4,28.1295205,37.88863644,47.64775237,57.40686831,67.16598424,,,,,,,48.24280435,67.53891411,87.31304864,109.1116903,,,,,,,-,47.02,47.02
148,1759,66.62261083,16.40404733,0,-96,8,8,16,46.64,46.64,-,1619.75,3116.83,3713.13263963941,4,16.40404733,28.95868821,41.51332908,54.06796996,66.62261083,,,,,,,77.84222515,118.5541794,160.1785817,205.6824198,,,,,,,-,46.64,46.64
149,1698,60.09965277,21,0,-96,8,8,16,42.07,42.07,-,665.39,708.26,2274.29869908017,4,21,30.77491319,40.54982639,50.32473958,60.09965277,,,,,,,31.97515324,41.20731949,50.43948575,60.95804696,,,,,,,-,42.07,42.07
150,1784,59.84562457,12.2,0,-96,8,8,16,41.89,41.89,-,700.69,1013.42,1079.87924911288,4,12.2,24.11140614,36.02281228,47.93421842,59.84562457,,,,,,,30.63595387,50.51339114,70.80322547,91.93533243,,,,,,,-,41.89,41.89
151,348,59.74736325,12.4,0,-96,8,8,16,41.82,41.82,-,1370.27,1605.13,3109.97453206584,4,12.4,24.23684081,36.07368163,47.91052244,59.74736325,,,,,,,57.98762879,84.91194793,111.9330257,140.8170131,,,,,,,-,41.82,41.82
152,1783,59.09837401,12.2,0,-96,8,8,16,41.37,41.37,-,228.57,455.59,586.870855296168,4,12.2,23.9245935,35.64918701,47.37378051,59.09837401,,,,,,,16.62682321,27.39160789,38.86064946,51.89582823,,,,,,,-,41.37,41.37
153,1631,57.06561391,13.47569219,0,-96,8,8,16,39.95,39.95,-,877.39,1038.35,1694.88951775495,4,13.47569219,24.37317262,35.27065305,46.16813348,57.06561391,,,,,,,41.01600532,65.1376346,90.41065321,118.1584909,,,,,,,-,39.95,39.95
154,1629,56.77662203,12.65027923,0,-96,8,8,16,39.74,39.74,-,449.65,804.89,960.643063987167,4,12.65027923,23.68186493,34.71345063,45.74503633,56.77662203,,,,,,,27.82111873,46.0667729,65.58904678,87.91733828,,,,,,,-,39.74,39.74
155,1632,55.74723259,18.54496132,0,-96,8,8,16,39.02,39.02,-,689.32,1040.14,1308.5299204306,4,18.54496132,27.84552913,37.14609695,46.44666477,55.74723259,,,,,,,32.92524058,52.81695663,73.57035256,96.15916504,,,,,,,-,39.02,39.02
156,1800,54.97320265,13.760089,0,-96,8,8,16,38.48,38.48,-,400.99,771.12,670.50703770217,4,13.760089,24.06336741,34.36664582,44.66992424,54.97320265,,,,,,,20.08807252,33.5064774,47.23622162,61.60228658,,,,,,,-,38.48,38.48
157,1696,54.61937097,16.75654648,0,-96,8,8,16,38.23,38.23,-,446.23,752.79,763.955183058388,4,16.75654648,26.2222526,35.68795873,45.15366485,54.61937097,,,,,,,22.78611867,37.95741898,53.91106339,71.56872425,,,,,,,-,38.23,38.23
158,1633,54.53949667,14.18118561,0,-96,8,8,16,38.18,38.18,-,490.87,790.88,679.651639527737,4,14.18118561,24.27076337,34.36034114,44.4499189,54.53949667,,,,,,,22.01901697,37.28816405,53.04372346,69.8097673,,,,,,,-,38.18,38.18
159,1202,54.26419009,16.30038996,0,-96,8,8,16,37.98,37.98,-,576.65,828.5,712.708168025019,4,16.30038996,25.79133999,35.28229002,44.77324006,54.26419009,,,,,,,23.08942683,39.10502723,55.51947735,72.7342094,,,,,,,-,37.98,37.98
160,1630,54.02419102,14.97325759,0,-96,8,8,16,37.82,37.82,-,399.2,734.37,620.283415206496,4,14.97325759,24.73599095,34.4987243,44.26145766,54.02419102,,,,,,,18.39136948,30.62053853,43.0103203,55.69172734,,,,,,,-,37.82,37.82
161,842,53.38262175,17.03525213,0,-96,8,8,16,37.37,37.37,-,463.16,1700.58,750.04982641826,4,17.03525213,26.12209453,35.20893694,44.29577934,53.38262175,,,,,,,18.10450807,28.71278969,40.56565892,55.20514714,,,,,,,-,37.37,37.37
162,860,51.8632133,16.8616174,0,-96,8,8,16,36.3,36.3,-,409.2,1577.1,979.827860999168,4,16.8616174,25.61201638,34.36241535,43.11281433,51.8632133,,,,,,,14.24146663,18.73639098,23.28284868,27.88064078,,,,,,,-,36.3,36.3
163,956,51.51969033,10.6,0,-96,8,8,16,36.06,36.06,-,352.25,875.35,645.392525988189,4,10.6,20.82992258,31.05984516,41.28976775,51.51969033,,,,,,,8.840388445,11.31345292,13.87278243,16.51804393,,,,,,,-,36.06,36.06
164,1094,51.33636105,18.04769892,0,-96,8,8,16,35.94,35.94,-,163.05,611.78,982.947501289903,4,18.04769892,26.36986445,34.69202999,43.01419552,51.33636105,,,,,,,13.80601716,17.79961929,21.81021508,25.83773891,,,,,,,-,35.94,35.94
165,466,50.20102185,10.4,0,-96,8,8,16,35.14,35.14,-,511.1,1366,631.062623083802,4,10.4,20.35025546,30.30051093,40.25076639,50.20102185,,,,,,,8.634054908,11.04036498,13.52923252,16.10033877,,,,,,,-,35.14,35.14
166,1790,49.48496182,0.8,0,-96,6,6,12,34.64,34.64,-,526.33,526.33,0,4,0.8,12.97124045,25.14248091,37.31372136,49.48496182,,,,,,,15.11179444,30.33186674,45.67258378,61.1176962,,,,,,,-,34.64,34.64
167,264,48.57142857,10,0,-96,6,6,12,34,34,-,92.52,92.52,645.878606498896,4,10,19.64285714,29.28571429,38.92857143,48.57142857,,,,,,,8.707294056,11.03937348,13.4547029,15.95296089,,,,,,,-,34,34
168,1687,48.57142857,10,0,-96,6,6,12,34,34,-,92.52,92.52,645.734976451918,4,10,19.64285714,29.28571429,38.92857143,48.57142857,,,,,,,8.704472752,11.03516717,13.44911158,15.94598457,,,,,,,-,34,34
169,1688,48.57142857,10,0,-96,6,6,12,34,34,-,92.52,92.52,645.793083419025,4,10,19.64285714,29.28571429,38.92857143,48.57142857,,,,,,,8.705614139,11.03686887,13.4513736,15.94880691,,,,,,,-,34,34
170,1691,48.57142857,10,0,-96,6,6,12,34,34,-,92.52,92.52,646.067553106065,4,10,19.64285714,29.28571429,38.92857143,48.57142857,,,,,,,8.711005507,11.04490691,13.46205832,15.96213829,,,,,,,-,34,34
171,1764,48.57142857,10,0,-96,6,6,12,34,34,-,92.52,92.52,645.856561384883,4,10,19.64285714,29.28571429,38.92857143,48.57142857,,,,,,,8.706861027,11.03872787,13.45384471,15.95189012,,,,,,,-,34,34
172,1828,48.57142857,10,0,-96,6,6,12,34,34,-,92.52,92.52,646.238912414531,4,10,19.64285714,29.28571429,38.92857143,48.57142857,,,,,,,8.714371494,11.04992529,13.46872909,15.97046146,,,,,,,-,34,34
173,1829,48.57142857,10,0,-96,6,6,12,34,34,-,92.52,92.52,645.858044877205,4,10,19.64285714,29.28571429,38.92857143,48.57142857,,,,,,,8.706890167,11.03877131,13.45390246,15.95196218,,,,,,,-,34,34
174,1689,48.53325318,10,0,-96,6,6,12,33.97,33.97,-,92.47,92.47,645.928808925468,4,10,19.6333133,29.26662659,38.89993989,48.53325318,,,,,,,8.706054275,11.03630918,13.44973168,15.94600068,,,,,,,-,33.97,33.97
175,1686,48.52121935,10,0,-96,6,6,12,33.96,33.96,-,92.45,92.45,646.09168583472,4,10,19.63030484,29.26060967,38.89091451,48.52121935,,,,,,,8.708549939,11.03964566,13.45388302,15.95094099,,,,,,,-,33.96,33.96
176,1690,48.403772,10,0,-96,6,6,12,33.88,33.88,-,92.28,92.28,645.849765804694,4,10,19.600943,29.201886,38.802829,48.403772,,,,,,,8.69695527,11.01862105,13.42317498,15.91029702,,,,,,,-,33.88,33.88
177,1834,47.6,9.8,0,-96,6,6,12,33.32,33.32,-,90.67,90.67,641.266076426211,4,9.8,19.25,28.7,38.15,47.6,,,,,,,8.616690787,10.90262081,13.27013583,15.71892085,,,,,,,-,33.32,33.32
178,1613,47.55031273,9.8,0,-96,6,6,12,33.29,33.29,-,90.6,90.6,641.374494532801,4,9.8,19.23757818,28.67515637,38.11273455,47.55031273,,,,,,,8.615921905,10.89989121,13.26533827,15.71194851,,,,,,,-,33.29,33.29
179,1833,47.20852596,9.8,0,-96,6,6,12,33.05,33.05,-,90.1,90.1,641.277895178471,4,9.8,19.15213149,28.50426298,37.85639447,47.20852596,,,,,,,8.594095821,10.8564645,13.19957324,15.62311031,,,,,,,-,33.05,33.05
180,1247,45,44,0,-96,6,6,12,31.5,31.5,-,2184.48,2359.82,4249.70236903735,4,44,44.25,44.5,44.75,45,,,,,,,42.63342369,42.76982369,42.90622369,43.04262369,,,,,,,-,44,31.5
181,1247,45,44,0,-96,6,6,12,31.5,31.5,-,2396.19,2765.47,4135.53729123724,4,44,44.25,44.5,44.75,45,,,,,,,41.49177291,41.62817291,41.76457291,41.90097291,,,,,,,-,44,31.5
182,1635,40.51431367,8.99,0,-96,6,6,12,28.36,28.36,-,77.1,77.1,565.519684797226,4,8.99,16.87107842,24.75215684,32.63323525,40.51431367,,,,,,,7.489414205,9.391934242,11.36249426,13.40083154,,,,,,,-,28.36,28.36
183,1817,37.97148739,1,0,-96,6,6,12,26.58,26.58,-,1940.83,4883.81,0,4,1,10.24287185,19.4857437,28.72861555,37.97148739,,,,,,,23.65791312,52.01015162,83.75995658,118.2738124,,,,,,,-,26.58,26.58
184,1818,37.91294231,8.8,0,-96,6,6,12,26.54,26.54,-,71.79,71.79,526.145732320237,4,8.8,16.07823558,23.35647116,30.63470673,37.91294231,,,,,,,6.956091453,8.713803624,10.53435123,12.41749166,,,,,,,-,26.54,26.54
185,904,36.23128243,8.4,0,-96,6,6,12,25.36,25.36,-,68.17,68.17,509.426299761844,4,8.4,15.35782061,22.31564122,29.27346182,36.23128243,,,,,,,6.714756835,8.395551783,10.13641592,11.93711731,,,,,,,-,25.36,25.36
186,904,35.67983512,8.4,0,-96,6,6,12,24.98,24.98,-,67.14,67.14,500.508999253465,4,8.4,15.21995878,22.03991756,28.85987634,35.67983512,,,,,,,6.593712859,8.241442035,9.948050189,11.71330999,,,,,,,-,24.98,24.98
187,1710,35.15936891,7.98,0,-96,6,6,12,24.61,24.61,-,102.23,1885.52,434.954429519433,4,7.98,14.77484223,21.56968446,28.36452668,35.15936891,,,,,,,8.330572632,12.53240904,19.72563227,29.34411518,,,,,,,-,24.61,24.61
188,1711,34.84518604,7.98,0,-96,6,6,12,24.39,24.39,-,62.16,1271.74,443.859486192749,4,7.98,14.69629651,21.41259302,28.12888953,34.84518604,,,,,,,6.113608676,7.861838284,11.59604233,16.93106832,,,,,,,-,24.39,24.39
189,988,34.31532721,7.8,0,-96,6,6,12,24.02,24.02,-,119.92,2631.08,458.529239999165,4,7.8,14.4288318,21.05766361,27.68649541,34.31532721,,,,,,,9.633352254,14.97465583,24.42800582,37.21244302,,,,,,,-,24.02,24.02
190,1709,34.13633226,7.98,0,-96,6,6,12,23.9,23.9,-,83.23,934.13,439.726712542384,4,7.98,14.51908307,21.05816613,27.5972492,34.13633226,,,,,,,7.178570847,10.10095236,14.48983721,20.07384825,,,,,,,-,23.9,23.9
191,1754,33.35433928,12.78872867,0,-96,6,6,12,23.35,23.35,-,1075.27,4857.59,1515.91302798999,4,12.78872867,17.93013132,23.07153397,28.21293662,33.35433928,,,,,,,18.17976783,21.35189186,34.33307779,55.18144524,,,,,,,-,23.35,23.35
192,349,32.15225702,8.28,0,-96,6,6,12,22.51,22.51,-,59.31,59.31,426.977425784909,4,8.28,14.24806426,20.21612851,26.18419277,32.15225702,,,,,,,5.659378211,7.100705387,8.593556852,10.13773367,,,,,,,-,22.51,22.51
193,1816,30.13680592,1,0,-96,6,6,12,21.1,21.1,-,1189.9,4845.58,0,4,1,8.28420148,15.56840296,22.85260444,30.13680592,,,,,,,16.71838243,41.68111604,69.45526828,99.49366819,,,,,,,-,21.1,21.1
194,1643,29.89988547,10.96738036,0,-96,6,6,12,20.93,20.93,-,1872.48,3441.61,1570.26693475812,4,10.96738036,15.70050664,20.43363292,25.16675919,29.89988547,,,,,,,21.86485164,28.33056269,39.10841266,53.38459477,,,,,,,-,20.93,20.93
195,1659,29.11047063,11.80343763,0,-96,6,6,12,20.38,20.38,-,2572.02,4592.68,1793.72873051414,4,11.80343763,16.13019588,20.45695413,24.78371238,29.11047063,,,,,,,33.4327826,57.10040303,81.10971835,105.4410807,,,,,,,-,20.38,20.38
196,1657,28.58862029,12.64938709,0,-96,6,6,12,20.01,20.01,-,2955.7,5074.04,1501.91601539693,4,12.64938709,16.63419539,20.61900369,24.60381199,28.58862029,,,,,,,30.12833175,54.34743179,78.7966074,103.4626289,,,,,,,-,20.01,20.01
197,1797,28.50360577,10.89058918,0,-96,6,6,12,19.95,19.95,-,536.54,2202.39,2960.43738327612,4,10.89058918,15.29384333,19.69709747,24.10035162,28.50360577,,,,,,,31.72255096,33.94404119,39.58141135,47.96733752,,,,,,,-,19.95,19.95
198,1819,28.31482911,15.31818067,0,-96,6,6,12,19.82,19.82,-,2811.31,3980.71,1983.33009056715,4,15.31818067,18.56734278,21.81650489,25.065667,28.31482911,,,,,,,30.81900777,47.17480447,63.75539959,80.54786694,,,,,,,-,19.82,19.82
199,1660,28.14867181,15.05196086,0,-96,6,6,12,19.7,19.7,-,2735.37,3451.15,1697.94210598876,4,15.05196086,18.32613859,21.60031633,24.87449407,28.14867181,,,,,,,26.95625718,40.5389743,54.40520132,68.53863607,,,,,,,-,19.7,19.7
200,958,28.02028876,11.15818145,0,-96,6,6,12,19.61,19.61,-,1752.64,3167.62,1301.66798021326,4,11.15818145,15.37370828,19.58923511,23.80476193,28.02028876,,,,,,,17.33255118,21.83375377,30.15810941,41.57531411,,,,,,,-,19.61,19.61
201,1313,28.00126714,12.93041741,0,-96,6,6,12,19.6,19.6,-,2046.19,4309.02,1709.45935883092,4,12.93041741,16.69812984,20.46584227,24.23355471,28.00126714,,,,,,,31.96102595,56.51697645,81.26540019,106.1952297,,,,,,,-,19.6,19.6
202,1779,27.98939971,14.19722463,0,-96,6,6,12,19.59,19.59,-,2366.01,3260.73,2781.1280941029,4,14.19722463,17.6452684,21.09331217,24.54135594,27.98939971,,,,,,,35.05368339,42.67412949,52.34919548,63.72129705,,,,,,,-,19.59,19.59
203,1615,27.38905718,14.71033602,0,-96,6,6,12,19.17,19.17,-,2616.49,4250.67,209.724423434967,4,14.71033602,17.88001631,21.0496966,24.21937689,27.38905718,,,,,,,14.46879958,34.87770791,55.40515131,76.04431387,,,,,,,-,19.17,19.17
204,1661,27.30932938,17.92339816,0,-96,6,6,12,19.12,19.12,-,2998.56,3936.27,1819.63042160855,4,17.92339816,20.26988097,22.61636377,24.96284658,27.30932938,,,,,,,26.89931272,41.09676325,55.32799021,69.59105139,,,,,,,-,19.12,19.12
205,1805,27.23690454,15.59104053,0,-96,6,6,12,19.07,19.07,-,2017.44,3940.04,538.800486146779,4,15.59104053,18.50250654,21.41397254,24.32543854,27.23690454,,,,,,,17.89090001,39.81503651,61.78458376,83.79693058,,,,,,,-,19.07,19.07
206,1777,27.21536379,9.719844004,0,-96,6,6,12,19.05,19.05,-,1939.66,3637.32,1138.82042267389,4,9.719844004,14.09372395,18.4676039,22.84148384,27.21536379,,,,,,,14.99130923,18.74038367,26.92795081,38.69682539,,,,,,,-,19.05,19.05
207,1723,27.14788859,13.81466421,0,-96,6,6,12,19,19,-,1331.52,3737.03,1570.51449177841,4,13.81466421,17.1479703,20.4812764,23.81458249,27.14788859,,,,,,,30.94867385,58.40709596,85.91282111,113.4631293,,,,,,,-,19,19
208,1853,26.85921146,10.94306749,0,-96,6,6,12,18.8,18.8,-,1214.25,3546.73,3342.54903389307,4,10.94306749,14.92210349,18.90113948,22.88017547,26.85921146,,,,,,,36.94557418,40.64600329,50.248539,64.59994865,,,,,,,-,18.8,18.8
209,44,26.80870603,13.13634598,0,-96,6,6,12,18.77,18.77,-,2490.83,3560.13,2338.26667826141,4,13.13634598,16.55443599,19.97252601,23.39061602,26.80870603,,,,,,,34.83026521,51.5685316,68.58477544,85.86301269,,,,,,,-,18.77,18.77
210,14,26.36815497,9.929717943,0,-96,6,6,12,18.46,18.46,-,1440.54,3319.92,799.398676995598,4,9.929717943,14.0393272,18.14893646,22.25854571,26.36815497,,,,,,,24.60708407,49.4962664,74.94222696,100.8729738,,,,,,,-,18.46,18.46
211,1645,26.25980333,12.4359864,0,-96,6,6,12,18.38,18.38,-,2129.48,3412.7,1752.50436840958,4,12.4359864,15.89194063,19.34789487,22.8038491,26.25980333,,,,,,,22.63634171,27.98998454,36.46583846,47.47598107,,,,,,,-,18.38,18.38
212,1636,26.23062935,12.35039127,0,-96,6,6,12,18.36,18.36,-,1460.9,3571.3,2425.51642436178,4,12.35039127,15.82045079,19.29051031,22.76056983,26.23062935,,,,,,,37.93736412,60.45995316,83.17891844,106.0829681,,,,,,,-,18.36,18.36
213,1649,26.03544058,8.436251227,0,-96,6,6,12,18.22,18.22,-,2074.05,3602.24,1751.08875286673,4,8.436251227,12.83604856,17.2358459,21.63564324,26.03544058,,,,,,,22.93417876,28.62922776,37.7472161,49.65089088,,,,,,,-,18.22,18.22
214,1611,26.00856611,10.61913408,0,-96,6,6,12,18.21,18.21,-,1784.07,4287.36,430.367219857365,4,10.61913408,14.46649208,18.31385009,22.1612081,26.00856611,,,,,,,21.01462604,47.19521327,73.61402741,100.6356597,,,,,,,-,18.21,18.21
215,1646,25.87464352,14.04752729,0,-96,6,6,12,18.11,18.11,-,1862.59,2515.9,1869.94478083398,4,14.04752729,17.00430635,19.96108541,22.91786447,25.87464352,,,,,,,24.79542867,31.20174112,39.23500888,48.61406932,,,,,,,-,18.11,18.11
216,1762,25.78161143,13.11049174,0,-96,6,6,12,18.05,18.05,-,1787.24,3430.67,0,4,13.11049174,16.27827166,19.44605158,22.6138315,25.78161143,,,,,,,12.487356,33.28047025,54.20252556,75.24610764,,,,,,,-,18.05,18.05
217,880,25.71451026,11.26447728,0,-96,6,6,12,18,18,-,1697.74,3918.96,1939.29455997646,4,11.26447728,14.87698552,18.48949377,22.10200201,25.71451026,,,,,,,36.65416017,63.05618779,89.95754319,117.5028,,,,,,,-,18,18
218,880,25.67756234,8.174448583,0,-96,6,6,12,17.97,17.97,-,1760.63,3237.74,3124.35504172441,4,8.174448583,12.55022702,16.92600546,21.3017839,25.67756234,,,,,,,48.39289606,70.93559607,94.17603747,118.3936977,,,,,,,-,17.97,17.97
219,1763,25.66713913,11.55811198,0,-96,6,6,12,17.97,17.97,-,1616.47,3463.08,2346.75595782313,4,11.55811198,15.08536877,18.61262556,22.13988234,25.66713913,,,,,,,36.75840391,57.82566495,79.14742096,100.7090382,,,,,,,-,17.97,17.97
220,1852,25.61862833,14.74222778,0,-96,6,6,12,17.93,17.93,-,2568.12,4692.56,3280.89937969414,4,14.74222778,17.46132792,20.18042806,22.89952819,25.61862833,,,,,,,35.43415785,38.14767508,45.21722123,55.78260753,,,,,,,-,17.93,17.93
221,1656,25.20743649,15.6496911,0,-96,6,6,12,17.65,17.65,-,2615.75,2839.99,2669.42603423497,4,15.6496911,18.03912745,20.4285638,22.81800014,25.20743649,,,,,,,33.2620304,41.24770521,49.45937985,57.88405903,,,,,,,-,17.65,17.65
222,1815,25.1250182,8.601144138,0,-96,6,6,12,17.59,17.59,-,1689.99,3529.47,2094.42992508982,4,8.601144138,12.73211265,16.86308117,20.99404969,25.1250182,,,,,,,23.42213522,25.99645431,33.00923033,43.59800115,,,,,,,-,17.59,17.59
223,81,25.01942663,7.019262469,0,-96,6,6,12,17.51,17.51,-,2833.13,4730.79,3031.8289420436,4,7.019262469,11.51930351,16.01934455,20.51938559,25.01942663,,,,,,,48.15224992,71.10958791,94.34996683,118.0320736,,,,,,,-,17.51,17.51
224,1785,25.00929135,10.49254862,0,-96,6,6,12,17.51,17.51,-,908.4,1517.05,3084.41905743596,4,10.49254862,14.1217343,17.75091998,21.38010567,25.00929135,,,,,,,37.455317,44.43628128,53.00955597,62.91416466,,,,,,,-,17.51,17.51
225,1654,24.93444311,10.83371768,0,-96,6,6,12,17.45,17.45,-,1149.68,2756.44,2476.77397231091,4,10.83371768,14.35889903,17.88408039,21.40926175,24.93444311,,,,,,,27.848594,31.0727281,38.26314998,48.65265759,,,,,,,-,17.45,17.45
226,88,24.78133672,6.375511673,0,-96,6,6,12,17.35,17.35,-,2885.04,4319.93,1932.07598870876,4,6.375511673,10.97696794,15.5784242,20.17988046,24.78133672,,,,,,,38.25222725,61.39705211,85.04776392,109.4795323,,,,,,,-,17.35,17.35
227,1761,24.74976248,13.40719707,0,-96,6,6,12,17.32,17.32,-,2368.55,2663.85,2165.35541641894,4,13.40719707,16.24283842,19.07847977,21.91412113,24.74976248,,,,,,,29.39225003,38.70420952,48.32512699,58.23723697,,,,,,,-,17.32,17.32
228,1753,24.60955658,9.308521763,0,-96,6,6,12,17.23,17.23,-,798.55,2771.5,2132.04708762967,4,9.308521763,13.13378047,16.95903917,20.78429788,24.60955658,,,,,,,23.13264153,25.01842855,32.27298334,43.83995901,,,,,,,-,17.23,17.23
229,1708,24.37762621,13.08149175,0,-96,6,6,12,17.06,17.06,-,2372.19,4300.91,717.864081390011,4,13.08149175,15.90552537,18.72955898,21.5535926,24.37762621,,,,,,,19.21746476,40.0508337,60.94682791,81.90184634,,,,,,,-,17.06,17.06
230,1807,24.1806221,10.90757748,0,-96,6,6,12,16.93,16.93,-,2226.86,3908.42,1357.97886128449,4,10.90757748,14.22583864,17.54409979,20.86236094,24.1806221,,,,,,,25.46939585,43.63746585,62.06480498,80.73650495,,,,,,,-,16.93,16.93
231,1806,24.05494604,10.72558244,0,-96,6,6,12,16.84,16.84,-,1118.88,2959.13,2244.77623287994,4,10.72558244,14.05792334,17.39026424,20.72260514,24.05494604,,,,,,,34.64876825,53.64672378,72.91047581,92.42474071,,,,,,,-,16.84,16.84
232,1719,23.97045968,8.510806329,0,-96,6,6,12,16.78,16.78,-,2249.81,4524.29,3725.47172128402,4,8.510806329,12.37571967,16.24063301,20.10554634,23.97045968,,,,,,,54.56545256,77.92996468,101.5371075,125.5286098,,,,,,,-,16.78,16.78
233,1749,23.9536364,6.289911044,0,-96,6,6,12,16.77,16.77,-,3082.46,4965.37,1345.81627324112,4,6.289911044,10.70584238,15.12177372,19.53770506,23.9536364,,,,,,,31.99127404,55.79464551,79.66368463,103.9632245,,,,,,,-,16.77,16.77
234,1724,23.92527255,11.73725238,0,-96,6,6,12,16.75,16.75,-,2737.21,4673.95,659.406215649126,4,11.73725238,14.78425742,17.83126247,20.87826751,23.92527255,,,,,,,19.1601893,40.47647981,61.88656948,83.38506474,,,,,,,-,16.75,16.75
235,1721,23.91059552,5.292015791,0,-96,6,6,12,16.74,16.74,-,2398.54,3797.17,2720.0670463895,4,5.292015791,9.946660723,14.60130565,19.25595059,23.91059552,,,,,,,50.64106302,78.38732623,106.7965253,135.9443189,,,,,,,-,16.74,16.74
236,1658,23.84964877,14.31761782,0,-96,6,6,12,16.69,16.69,-,2535.5,2604.86,1410.8758123282,4,14.31761782,16.70062555,19.08363329,21.46664103,23.84964877,,,,,,,20.18012394,26.85138846,33.78211096,40.95737229,,,,,,,-,16.69,16.69
237,1648,23.81945649,10.3522582,0,-96,6,6,12,16.67,16.67,-,1025.49,2790.78,1472.68032762682,4,10.3522582,13.71905777,17.08585735,20.45265692,23.81945649,,,,,,,18.14782966,21.74095114,29.53078814,40.70505535,,,,,,,-,16.67,16.67
238,1750,23.69297359,7.061203115,0,-96,6,6,12,16.59,16.59,-,3021.81,4014.95,2313.27189133753,4,7.061203115,11.21914573,15.37708835,19.53503097,23.69297359,,,,,,,40.88793338,61.75576919,83.11141104,105.1281135,,,,,,,-,16.59,16.59
239,1835,23.63582128,8.862307014,0,-96,6,6,12,16.55,16.55,-,1975.27,2757.73,2651.04243113203,4,8.862307014,12.55568558,16.24906415,19.94244272,23.63582128,,,,,,,41.25234395,58.0762479,75.35011643,93.42134194,,,,,,,-,16.55,16.55
240,1836,23.6246225,6.324814855,0,-96,6,6,12,16.54,16.54,-,2435.18,2887.01,1794.13865210854,4,6.324814855,10.64976677,14.97471868,19.29967059,23.6246225,,,,,,,33.06462628,49.8118465,67.11443703,85.03393421,,,,,,,-,16.54,16.54
241,1716,23.6046407,7.164539853,0,-96,6,6,12,16.52,16.52,-,2185.85,4171.27,2454.94664522968,4,7.164539853,11.27456506,15.38459028,19.49461549,23.6046407,,,,,,,45.43963318,72.41297462,99.80407854,127.6615928,,,,,,,-,16.52,16.52
242,1714,23.57936358,7.472010371,0,-96,6,6,12,16.51,16.51,-,2888.37,4423.12,1934.95057135886,4,7.472010371,11.49884867,15.52568698,19.55252528,23.57936358,,,,,,,41.22454082,67.73135762,94.73527878,122.4527397,,,,,,,-,16.51,16.51
243,1748,23.54834623,7.83147903,0,-96,6,6,12,16.48,16.48,-,3147.88,4470.32,2575.11104836179,4,7.83147903,11.76069583,15.68991263,19.61912943,23.54834623,,,,,,,40.85968152,59.67481086,78.78591849,98.49101777,,,,,,,-,16.48,16.48
244,1715,23.54306086,7.455112119,0,-96,6,6,12,16.48,16.48,-,3223.44,4194.56,1755.62394652349,4,7.455112119,11.4770993,15.49908649,19.52107367,23.54306086,,,,,,,38.23998519,61.675028,85.37103483,109.5198905,,,,,,,-,16.48,16.48
245,1720,23.53651041,7.216724415,0,-96,6,6,12,16.48,16.48,-,3402.56,3630,3410.92928432288,4,7.216724415,11.29667091,15.37661741,19.45656391,23.53651041,,,,,,,56.47959296,79.66972705,103.5128006,128.1129108,,,,,,,-,16.48,16.48
246,1756,23.46115624,8.702616466,0,-96,6,6,12,16.42,16.42,-,1471.88,1909.12,2286.99745247262,4,8.702616466,12.39225141,16.08188635,19.7715213,23.46115624,,,,,,,29.06659202,35.5899766,43.42974242,52.37689074,,,,,,,-,16.42,16.42
247,199,23.44482449,7.168912521,0,-96,6,6,12,16.41,16.41,-,2429.85,3954.96,2718.83488364573,4,7.168912521,11.23789051,15.30686851,19.3758465,23.44482449,,,,,,,47.98004297,73.15443219,98.68505629,124.7541504,,,,,,,-,16.41,16.41
248,1717,23.37686901,8.43922962,0,-96,6,6,12,16.36,16.36,-,3285.27,4364.61,3072.9579274443,4,8.43922962,12.17363947,15.90804932,19.64245916,23.37686901,,,,,,,48.07346667,68.35515848,88.95875931,110.1686799,,,,,,,-,16.36,16.36
249,1854,23.36510584,12.69971833,0,-96,6,6,12,16.36,16.36,-,1117.86,1799.02,2145.18112155019,4,12.69971833,15.3660652,18.03241208,20.69875896,23.36510584,,,,,,,26.97247307,32.79236105,40.1175759,48.6895486,,,,,,,-,16.36,16.36
250,1751,23.32104391,8.253164746,0,-96,6,6,12,16.32,16.32,-,3217.49,4516.38,2189.59147384664,4,8.253164746,12.02013454,15.78710433,19.55407412,23.32104391,,,,,,,39.01141983,60.3639419,81.95086068,103.8445533,,,,,,,-,16.32,16.32
251,14,23.31012144,10.00596594,0,-96,6,6,12,16.32,16.32,-,2629.6,3551.1,3281.82042902128,4,10.00596594,13.33200482,16.65804369,19.98408257,23.31012144,,,,,,,45.22995921,60.46616736,76.0760281,92.22988842,,,,,,,-,16.32,16.32
252,1722,23.23118301,6.278511079,0,-96,6,6,12,16.26,16.26,-,3607.2,4436.54,2302.50306922773,4,6.278511079,10.51667906,14.75484705,18.99301503,23.23118301,,,,,,,39.33905069,58.18557939,77.46492597,97.34624441,,,,,,,-,16.26,16.26
253,1752,23.1668343,6.07263224,0,-96,6,6,12,16.22,16.22,-,3596.33,4571.54,1901.66484424143,4,6.07263224,10.34618276,14.61973327,18.89328379,23.1668343,,,,,,,33.65698988,51.42454887,69.67609874,88.53699111,,,,,,,-,16.22,16.22
254,122,23.12899483,6.886150351,0,-96,6,6,12,16.19,16.19,-,2721.23,3095.4,1613.98713707487,4,6.886150351,10.94686147,15.00757259,19.06828371,23.12899483,,,,,,,31.50805312,48.20012302,65.36421225,83.10207741,,,,,,,-,16.19,16.19
255,1838,23.10824955,7.834417221,0,-96,6,6,12,16.18,16.18,-,2752.92,4698.81,2252.41676498782,4,7.834417221,11.6528753,15.47133339,19.28979147,23.10824955,,,,,,,41.31462695,65.93806479,90.88926758,116.3896828,,,,,,,-,16.18,16.18
256,1647,23.086209,8.29999025,0,-96,6,6,12,16.16,16.16,-,1480.4,2734.15,1722.39079451583,4,8.29999025,11.99654494,15.69309963,19.38965431,23.086209,,,,,,,19.66551938,22.19984464,27.96628294,36.34375365,,,,,,,-,16.16,16.16
257,1718,22.9087966,8.601753721,0,-96,6,6,12,16.04,16.04,-,3519.03,4024.27,2358.89583233334,4,8.601753721,12.17851444,15.75527516,19.33203588,22.9087966,,,,,,,37.62599063,53.24766225,69.35901457,86.18367382,,,,,,,-,16.04,16.04
258,1837,22.85202655,6.858033864,0,-96,6,6,12,16,16,-,4157.48,4753.45,1607.96122166712,4,6.858033864,10.85653204,14.85503021,18.85352838,22.85202655,,,,,,,32.58722287,50.48814127,68.55545239,87.1689753,,,,,,,-,16,16
259,1653,22.57312681,10.49382571,0,-96,6,6,12,15.8,15.8,-,1964.34,3819.51,1451.27555072007,4,10.49382571,13.51365099,16.53347626,19.55330154,22.57312681,,,,,,,17.6206046,20.86421543,27.8616701,37.88374677,,,,,,,-,15.8,15.8
260,1778,22.25015002,8.751038356,0,-96,6,6,12,15.58,15.58,-,2013.51,2105,1067.17109223648,4,8.751038356,12.12581627,15.50059419,18.8753721,22.25015002,,,,,,,17.7021617,25.10772929,33.0565493,41.49884829,,,,,,,-,15.58,15.58
261,1652,21.85417004,11.28120879,0,-96,6,6,12,15.3,15.3,-,1267.41,2184.48,2375.36792624615,4,11.28120879,13.9244491,16.56768942,19.21092973,21.85417004,,,,,,,25.85632421,28.03240403,32.38242631,38.48937933,,,,,,,-,15.3,15.3
262,1334,21.78036535,6.716677161,0,-96,6,6,12,15.25,15.25,-,2620.83,4560.91,1620.93212136074,4,6.716677161,10.48259921,14.24852126,18.01444331,21.78036535,,,,,,,34.28872945,58.07209165,82.16489186,106.9517055,,,,,,,-,15.25,15.25
263,1650,21.77544746,10.61327642,0,-96,6,6,12,15.24,15.24,-,1897.47,2191.04,1625.49168245751,4,10.61327642,13.40381918,16.19436194,18.9849047,21.77544746,,,,,,,21.49763373,26.99965625,33.39233904,40.53881598,,,,,,,-,15.24,15.24
264,1617,21.28666832,10.66434073,0,-96,6,6,12,14.9,14.9,-,1084.98,2594.31,2366.23623917744,4,10.66434073,13.31992263,15.97550452,18.63108642,21.28666832,,,,,,,33.72259522,49.75980597,65.98645978,82.39166344,,,,,,,-,14.9,14.9
265,1808,21.26482383,12.31860837,0,-96,6,6,12,14.89,14.89,-,1187.19,2540.59,2208.30039701765,4,12.31860837,14.55516224,16.7917161,19.02826997,21.26482383,,,,,,,30.74848404,44.94705981,59.26681234,73.70077381,,,,,,,-,14.89,14.89
266,1616,21.00425297,11.48219401,0,-96,6,6,12,14.7,14.7,-,1606.85,3531.17,0,4,11.48219401,13.86270875,16.24322349,18.62373823,21.00425297,,,,,,,10.73298049,29.96687621,49.21785417,68.48493211,,,,,,,-,14.7,14.7
267,1651,20.93917079,7.788505783,0,-96,6,6,12,14.66,14.66,-,388.42,730.96,468.421458855508,4,7.788505783,11.07617203,14.36383829,17.65150454,20.93917079,,,,,,,10.37320474,16.39371955,23.3625085,31.14473171,,,,,,,-,14.66,14.66
268,690,20.46875221,10.25561826,0,-96,6,6,12,14.33,14.33,-,2550.51,2646.06,2773.10485877239,4,10.25561826,12.80890175,15.36218524,17.91546872,20.46875221,,,,,,,37.2337725,47.09357757,57.3977138,68.23278547,,,,,,,-,14.33,14.33
269,1813,20.29563139,8.046192254,0,-96,6,6,12,14.21,14.21,-,558.95,1079.08,2191.66445926071,4,8.046192254,11.10855204,14.17091182,17.2332716,20.29563139,,,,,,,26.28041951,30.89219576,36.82949647,43.87080119,,,,,,,-,14.21,14.21
270,1755,19.7366986,9.080082958,0,-96,6,6,12,13.82,13.82,-,1634.58,2745.95,2529.26312679145,4,9.080082958,11.74423687,14.40839078,17.07254469,19.7366986,,,,,,,28.18941258,31.2155228,36.71247579,44.20921185,,,,,,,-,13.82,13.82
271,891,19.55593703,6.21565814,0,-96,6,6,12,13.69,13.69,-,3432.72,3708.49,733.741641342551,4,6.21565814,9.550727862,12.88579758,16.2208673,19.55593703,,,,,,,22.17749868,37.25282917,52.62088895,68.74172798,,,,,,,-,13.69,13.69
272,1747,19.49297022,6.402276753,0,-96,6,6,12,13.65,13.65,-,3509.35,3757.11,883.452395934028,4,6.402276753,9.674950119,12.94762348,16.22029685,19.49297022,,,,,,,19.74772982,30.80769977,42.05029446,53.9248309,,,,,,,-,13.65,13.65
273,1814,19.48756339,15.42979965,0,-96,6,6,12,13.64,13.64,-,2267.81,2536.77,2563.40339613361,4,15.42979965,16.44424058,17.45868152,18.47312245,19.48756339,,,,,,,27.03777057,28.44552836,30.53365205,33.16762525,,,,,,,-,15.4297996487898,13.64
274,1820,19.31033037,9.98694574,0,-96,6,6,12,13.52,13.52,-,1750.33,1884.21,1791.19246708058,4,9.98694574,12.3177919,14.64863806,16.97948421,19.31033037,,,,,,,22.32194746,26.94481837,32.05731225,37.59609893,,,,,,,-,13.52,13.52
275,1655,19.25359758,6.683589893,0,-96,6,6,12,13.48,13.48,-,3449.3,3585.59,700.591811852318,4,6.683589893,9.826091814,12.96859374,16.11109566,19.25359758,,,,,,,19.55880029,32.31189011,45.31410675,58.78459231,,,,,,,-,13.48,13.48
276,1644,18.73281771,7.368924074,0,-96,6,6,12,13.11,13.11,-,671.73,741.15,2505.8119057494,4,7.368924074,10.20989748,13.05087089,15.8918443,18.73281771,,,,,,,30.31908461,35.8810956,41.88792055,48.30037012,,,,,,,-,13.11,13.11
277,1614,18.52991013,13.21234574,0,-96,6,6,12,12.97,12.97,-,1296.42,1502.66,178.52778933077,4,13.21234574,14.54173684,15.87112793,17.20051903,18.52991013,,,,,,,5.469016935,10.23956021,15.11008227,20.07483421,,,,,,,-,13.2123457364411,12.97
278,1767,18.46314486,5.385224001,0,-96,6,6,12,12.92,12.92,-,3043.16,3116.36,2183.75073843447,4,5.385224001,8.654704216,11.92418443,15.19366465,18.46314486,,,,,,,35.99223597,50.39424704,65.10679182,80.4090412,,,,,,,-,12.92,12.92
279,802,13.89196119,3.065125045,0,-96,6,6,12,9.72,9.72,-,2187.53,2388.43,1388.37320762467,4,3.065125045,5.77183408,8.478543115,11.18525215,13.89196119,,,,,,,24.02865929,34.27405451,44.64629184,55.56076744,,,,,,,-,9.72,9.72
280,786,13.68054507,2.880349912,0,-96,6,6,12,9.58,9.58,-,2015.55,2134.99,1358.18907118712,4,2.880349912,5.5803987,8.280447489,10.98049628,13.68054507,,,,,,,22.44767561,31.40514052,40.48022695,50.1000269,,,,,,,-,9.58,9.58
281,233,12.87637791,4.678090294,0,-96,6,6,12,9.01,9.01,-,1413.79,1567.67,1908.64250884252,4,4.678090294,6.727662199,8.777234103,10.82680601,12.87637791,,,,,,,24.62738484,30.17621732,35.73946533,41.90733696,,,,,,,-,9.01,9.01
282,233,12.84396528,5.034627632,0,-96,6,6,12,8.99,8.99,-,1380.8,1438.07,1826.67653695526,4,5.034627632,6.986962043,8.939296454,10.89163087,12.84396528,,,,,,,26.06676641,33.87127038,41.68369951,49.76941547,,,,,,,-,8.99,8.99
283,233,12.7939493,4.342997127,0,-96,6,6,12,8.96,8.96,-,1226.79,1382.42,1611.21158336604,4,4.342997127,6.45573517,8.568473214,10.68121126,12.7939493,,,,,,,21.28882201,26.47281821,31.66920796,37.37236271,,,,,,,-,8.96,8.96
284,233,12.77854957,4.932522943,0,-96,6,6,12,8.94,8.94,-,1457.85,1642.78,2025.36347644016,4,4.932522943,6.8940296,8.855536258,10.81704292,12.77854957,,,,,,,24.9972577,29.74381738,34.49587029,39.66487963,,,,,,,-,8.94,8.94
285,802,11.80507612,4.714590103,0,-96,6,6,12,8.26,8.26,-,1115.94,1324.88,1198.29168949066,4,4.714590103,6.487211607,8.25983311,10.03245461,11.80507612,,,,,,,15.2038977,18.4269801,21.87587969,25.78444575,,,,,,,-,8.26,8.26
286,802,11.71927513,3.515785963,0,-96,6,6,12,8.2,8.2,-,755.57,893.99,547.674060507406,4,3.515785963,5.566658256,7.617530548,9.66840284,11.71927513,,,,,,,8.566769048,11.6628368,15.00138945,18.84559531,,,,,,,-,8.2,8.2
287,389,10.9813718,5.90471981,0,-96,6,6,12,7.69,7.69,-,137.23,137.23,1158.9478618952,4,5.90471981,7.173882806,8.443045803,9.712208799,10.9813718,,,,,,,13.3291915,15.08078314,17.10073176,19.56364141,,,,,,,-,7.69,7.69
288,1298,10.91949208,2.874757362,0,-96,6,6,12,7.64,7.64,-,197.74,197.74,250.554266493061,4,2.874757362,4.885941041,6.89712472,8.9083084,10.91949208,,,,,,,4.520247079,6.553227831,8.916106966,12.229174,,,,,,,-,7.64,7.64
289,389,10.83513259,5.252135483,0,-96,6,6,12,7.58,7.58,-,131.39,131.39,1190.25064313919,4,5.252135483,6.647884761,8.043634039,9.439383317,10.83513259,,,,,,,13.63512797,15.38152388,17.28074195,19.7988424,,,,,,,-,7.58,7.58
290,166,8.171775038,1.693632889,0,-96,6,6,12,5.72,5.72,-,97.98,97.98,37.9701329072063,4,1.693632889,3.313168426,4.932703963,6.552239501,8.171775038,,,,,,,1.276178813,2.181686851,3.521021474,5.591377465,,,,,,,-,5.72,5.72
291,868,7.945213132,1.630785668,0,-96,6,6,12,5.56,5.56,-,116.58,116.58,0,4,1.630785668,3.209392534,4.7879994,6.366606266,7.945213132,,,,,,,1.067329414,2.147256879,3.442097061,5.649529572,,,,,,,-,5.56,5.56
292,868,7.70090026,1.929009714,0,-96,6,6,12,5.39,5.39,-,155.34,155.34,8.51923604448177,4,1.929009714,3.371982351,4.814954987,6.257927623,7.70090026,,,,,,,0.987029451,1.896853316,2.964304377,4.640906905,,,,,,,-,5.39,5.39
293,57,5.179470847,2.102582068,0,-96,6,6,12,3.63,3.63,-,126.27,126.27,0,4,2.102582068,2.871804263,3.641026458,4.410248652,5.179470847,,,,,,,0.309709132,0.619418264,1.126879179,1.731284298,,,,,,,-,3.63,3.63
294,440,3.9815137,0.100172645,0,-96,6,6,12,2.79,2.79,-,0,0,0,4,0.100172645,1.070507909,2.040843172,3.011178436,3.9815137,,,,,,,0.339294319,0.678588638,1.461077257,2.347041495,,,,,,,-,2.79,2.79
295,1298,2.077698437,0,0,96,6,6,12,1.45,1.45,-,0,0,0,4,0,0.519424609,1.038849218,1.558273828,2.077698437,,,,,,,0.191259574,0.382519149,0.573778723,0.932696432,,,,,,,-,1.45,1.45
296,1665,1.4,0,1.4,96,6,6,12,1.03,1.03,-,0,0,26.3965322889364,1,0,1.4,0,0,0,,,,,,,0.263965323,0,0,0,,,,,,,-,1.4,1.03
