policy,obj,type,instance,nnodes,nlps,nlpit,nbranch,featime,inftime,btime,stime,gap,status,ndomchgs,ncutoffs,walltime,proctime,Number,Speedup ratio,Time-AVG,Time-Min,Time-Max,Ratio-AVG,Ratio-Min,Ratio-Max
RPB,7240519.1,storage,P1,1347,2791,136248,1340,15.316,0,450,498,0.000993,gaplimit,468,0,498.416,492.438,1,1.00 ,739.2,393,1372,1,1,1
Gasse,7240391.1,storage,P1,5141,4209,326692,2649,27.0182202,185.6914159,679,736,0.000990969,gaplimit,0,0,735.1030966,738.28125,1,0.68 ,754.5,279,1500,1.08,0.66,1.56
Wei,7242076,storage,P1,1140,1282,129410,629,6.596648801,46.2336661,190,237,0.000996323,gaplimit,0,0,236.8217273,237.78125,1,2.10 ,497.2,175,1029,1.71,1.1,2.34
NoPgraph,7241398.8,storage,P1,647,798,100751,355,3.7852277,25.8451931,108,155,0.000907846,gaplimit,0,0,154.8310063,155.328125,1,3.21 ,451.1,155,1112,1.92,1.11,3.21
PGNN,7242075.4,storage,P1,673,840,96347,365,4.076319999,24.4071835,116,162,0.000967027,gaplimit,0,0,161.4724273,161.078125,1,3.07 ,373.6,153,693,2.18,1.42,3.74
RPB,7275654.2,storage,P2,5461,9641,380441,4001,46.776,0,1080,1129,0.000978,gaplimit,1038,0,1129.659,1113.375,2,1.00 ,,,,,,
Gasse,7276721.2,storage,P2,5271,5537,301775,2916,30.2744996,219.4615829,921,968,0.000994132,gaplimit,0,0,967.3902762,969.9375,2,1.17 ,,,,,,
Wei,7275681,storage,P2,6461,4753,271411,3711,43.8717994,213.9520743,934,1029,0.000998438,gaplimit,0,0,1028.841303,1008.265625,2,1.10 ,,,,,,
NoPgraph,7275681,storage,P2,4341,3746,234868,2364,23.68609289,177.5764829,664,713,0.000983253,gaplimit,0,0,712.8068092,716.609375,2,1.58 ,,,,,,
PGNN,7276626.3,storage,P2,4128,3813,235406,2522,25.7133057,158.5930642,644,693,0.000999185,gaplimit,0,0,693.4482982,698.984375,2,1.63 ,,,,,,
RPB,7415136.2,storage,P3,1541,2541,160519,1312,14.629,0,364,409,0.000992,gaplimit,331,0,409.367,405.25,3,1.00 ,,,,,,
Gasse,7415034.2,storage,P3,1301,1420,158961,742,7.802418901,56.573593,241,285,0.000940218,gaplimit,0,0,285.4725288,286.46875,3,1.44 ,,,,,,
Wei,7415068.4,storage,P3,611,743,118970,402,4.345488998,29.4550509,131,175,0.000993294,gaplimit,0,0,174.5461274,174.5625,3,2.34 ,,,,,,
NoPgraph,7414849,storage,P3,1515,1397,149686,853,8.7557402,60.090524,249,293,0.000993033,gaplimit,0,0,293.2489708,295.28125,3,1.40 ,,,,,,
PGNN,7414813.8,storage,P3,711,894,105002,407,4.447793699,32.7444939,137,182,0.000841698,gaplimit,0,0,182.0525264,182.1875,3,2.25 ,,,,,,
RPB,7188019.9,storage,P4,1785,2692,127680,1464,16.452,0,386,433,0.000862,gaplimit,310,0,432.617,427.734,4,1.00 ,,,,,,
Gasse,7187971.7,storage,P4,3831,1524,124071,2051,20.8952941,133.3963899,417,476,0.000997661,gaplimit,0,0,462.5647895,466.4375,4,0.91 ,,,,,,
Wei,7187998.5,storage,P4,935,1231,117510,631,6.617285402,47.7198575,204,249,0.000959165,gaplimit,0,0,249.1387886,249.203125,4,1.74 ,,,,,,
NoPgraph,7188626.9,storage,P4,1281,1342,130886,802,8.441646699,60.0100611,248,293,0.000985177,gaplimit,0,0,293.5242724,294.75,4,1.48 ,,,,,,
PGNN,7187976.8,storage,P4,1322,1656,169688,785,8.131091502,60.6089629,258,304,0.000850353,gaplimit,0,0,303.9912791,304.21875,4,1.42 ,,,,,,
RPB,6989565.7,storage,P5,7661,11662,472031,5422,63.95,0,1322,1372,0.001,gaplimit,924,0,1372.263,1336.875,5,1.00 ,,,,,,
Gasse,6993759,storage,P5,9135,5711,467743,6150,62.3302219,415.4583205,1452,1500,0.002085725,timelimit,0,0,1499.256018,1506.84375,5,0.91 ,,,,,,
Wei,6990531.8,storage,P5,5791,5143,458731,3380,34.683942,251.7471478,974,1022,0.000992566,gaplimit,0,0,1021.622897,1025.953125,5,1.34 ,,,,,,
NoPgraph,6989674.3,storage,P5,11421,4033,332139,6080,61.3953451,270.304338,1062,1112,0.000993431,gaplimit,0,0,1111.57056,1123.40625,5,1.23 ,,,,,,
PGNN,6989645.8,storage,P5,3526,3918,355674,2010,20.7021461,149.4291198,625,676,0.000972025,gaplimit,0,0,675.6804158,678.671875,5,2.03 ,,,,,,
RPB,7252062.5,storage,P6,701,1577,96054,768,14.611,0,470,572,0.000981,gaplimit,311,0,571.664,546.438,6,1.00 ,,,,,,
Gasse,7250674.9,storage,P6,2115,2057,148558,1125,11.5607057,81.8232554,311,366,0.000981912,gaplimit,0,0,365.6704411,368.5625,6,1.56 ,,,,,,
Wei,7253284.2,storage,P6,1171,1342,128985,664,6.999786201,50.3133133,205,260,0.000985575,gaplimit,0,0,260.0133108,259.703125,6,2.20 ,,,,,,
NoPgraph,7251575.1,storage,P6,781,886,102173,427,4.536362001,31.4492247,126,181,0.000912576,gaplimit,0,0,180.8830969,181.203125,6,3.16 ,,,,,,
PGNN,7250673.1,storage,P6,502,788,104423,290,3.2032351,21.4321911,98,153,0.000923325,gaplimit,0,0,152.2768292,151.40625,6,3.74 ,,,,,,
RPB,7200700.3,storage,P7,3521,6318,267134,2650,28.139,0,677,728,0.000973,gaplimit,682,0,727.641,723.406,7,1.00 ,,,,,,
Gasse,7201030.5,storage,P7,3549,3414,278988,2024,20.7416767,153.3484513,607,657,0.000925344,gaplimit,0,0,656.758651,658.96875,7,1.11 ,,,,,,
Wei,7201240.6,storage,P7,2891,3273,233727,1702,17.4130874,129.4160021,576,626,0.000999681,gaplimit,0,0,626.2599883,629.5,7,1.16 ,,,,,,
NoPgraph,7200715.1,storage,P7,1671,1858,210090,979,17.2412034,86.1358882,552,658,0.000955316,gaplimit,0,0,658.118203,617.328125,7,1.11 ,,,,,,
PGNN,7201059.9,storage,P7,1721,2213,226382,998,10.5323368,78.966814,366,416,0.000979324,gaplimit,0,0,416.004409,415.734375,7,1.75 ,,,,,,
RPB,7161776.5,storage,P8,4665,6632,263394,3237,32.435,0,682,730,0.000992,gaplimit,643,0,730.648,725.766,8,1.00 ,,,,,,
Gasse,7162514.2,storage,P8,5361,5310,312830,3090,36.78162859,233.4254754,1059,1106,0.000997666,gaplimit,0,0,1105.933125,1092.234375,8,0.66 ,,,,,,
Wei,7162135.4,storage,P8,4711,3595,184882,2708,27.310379,169.2090748,586,636,0.00099991,gaplimit,0,0,636.1583433,640.484375,8,1.15 ,,,,,,
NoPgraph,7161784.7,storage,P8,2556,2269,171600,1388,14.1488499,105.0422654,419,468,0.000993601,gaplimit,0,0,467.836489,469.53125,8,1.56 ,,,,,,
PGNN,7162075.7,storage,P8,2131,2176,229488,1245,12.77463,87.0370667,374,424,0.000841104,gaplimit,0,0,424.0064161,425.5,8,1.72 ,,,,,,
RPB,7176181.7,storage,P9,1842,2816,120684,1474,16.023,0,342,393,0.000928,gaplimit,393,0,392.52,389.766,9,1.00 ,,,,,,
Gasse,7175837.8,storage,P9,1361,1665,143941,750,7.972126801,57.0864632,229,279,0.000928244,gaplimit,0,0,278.9443799,279.5625,9,1.41 ,,,,,,
Wei,7176810.8,storage,P9,723,1353,140504,467,5.072941098,35.8814662,162,215,0.000868639,gaplimit,0,0,215.1361407,215.65625,9,1.83 ,,,,,,
NoPgraph,7178059.1,storage,P9,1011,1209,144185,599,6.494150399,42.8088416,180,232,0.000966078,gaplimit,0,0,231.8866745,232.4375,9,1.69 ,,,,,,
PGNN,7175842.9,storage,P9,698,1191,106272,411,4.398027299,31.587605,138,189,0.000770363,gaplimit,0,0,189.3179947,188.890625,9,2.08 ,,,,,,
RPB,7511634.2,storage,P10,6841,9228,431079,4968,52.915,0,1033,1128,0.000935,gaplimit,688,0,1128.746,1104.531,10,1.00 ,,,,,,
Gasse,7512214.9,storage,P10,6681,6271,315767,3623,38.3360058,257.7254576,1072,1172,0.000994263,gaplimit,0,0,1172.165506,1166.53125,10,0.96 ,,,,,,
Wei,7511973.4,storage,P10,2141,2668,223886,1346,15.0839311,104.7620009,473,523,0.00099664,gaplimit,0,0,523.2010251,525.921875,10,2.16 ,,,,,,
NoPgraph,7512167.1,storage,P10,1971,1915,169421,1098,12.0723351,82.4573723,355,406,0.000977157,gaplimit,0,0,405.6957103,408.4375,10,2.78 ,,,,,,
PGNN,7511615.5,storage,P10,2271,3005,235418,1366,14.8810657,105.6955314,488,537,0.000984831,gaplimit,0,0,536.9038252,539.15625,10,2.10 ,,,,,,
